Tanggal,Lokasi,Magnitudo,Kedalaman_km,LSTM_Error,Temporal_Risk_Factor,Model_Uncertainty,is_Anomaly
2023-11-25 04:09:00,"Malang, Jawa Timur",6.76,463.0,0.0,0.0,0.0,False
2023-11-25 08:58:00,"Malang, Jawa Timur",7.48,66.0,0.0,0.0,0.0,False
2023-11-26 14:55:00,"Probolinggo, Jawa Timur",4.85,532.0,0.0,0.0,0.0,False
2023-11-27 06:35:00,"Laut Jawa, Barat Daya Probolinggo",6.04,210.0,0.0,0.0,0.0,False
2023-11-27 20:23:00,Laut Jawa Timur,6.57,459.0,0.0,0.0,0.0,False
2023-11-27 22:40:00,"Probolinggo, Jawa Timur",4.57,275.0,0.0,0.0,0.0,False
2023-11-28 21:08:00,Banyuwangi,5.37,561.0,0.0,0.0,0.0,False
2023-11-28 22:35:00,"Laut Jawa, Barat Daya Probolinggo",7.41,579.0,0.0,0.0,0.0,False
2023-12-01 18:18:00,"Probolinggo, Jawa Timur",2.13,430.0,0.0,0.0,0.0,False
2023-12-02 12:35:00,Lumajang,4.6,60.0,0.0,0.0,0.0,False
2023-12-02 21:22:00,"Laut Selatan Jawa, Barat Daya Lumajang",7.25,627.0,0.0,0.0,0.0,False
2023-12-02 21:29:00,"Pasuruan, Jawa Timur",6.37,383.0,0.0,0.0,0.0,False
2023-12-02 23:46:00,Lumajang,6.05,531.0,0.0,0.0,0.0,False
2023-12-04 01:10:00,"Banyuwangi, Jawa Timur",2.52,152.0,0.0,0.0,0.0,False
2023-12-04 03:54:00,"Probolinggo, Jawa Timur",7.34,564.0,0.0,0.0,0.0,False
2023-12-04 19:14:00,Banyuwangi,2.8,231.0,4.419289588928223,0.0,1.173002004623413,False
2023-12-05 06:52:00,"Malang, Jawa Timur",7.09,467.0,1.9380016326904297,0.0,1.2661285400390625,False
2023-12-05 11:09:00,"Banyuwangi, Jawa Timur",7.29,310.0,4.741276264190674,0.0,1.1252830028533936,False
2023-12-06 00:54:00,Banyuwangi,3.1,425.0,3.7984139919281006,0.0,1.3020585775375366,False
2023-12-06 20:49:00,"Laut Selatan Jawa, Barat Daya Lumajang",5.64,458.0,3.4831395149230957,0.0,1.1580784320831299,False
2023-12-08 14:55:00,"Laut Jawa, Barat Daya Probolinggo",3.49,281.0,1.2868188619613647,0.0,1.0087635517120361,False
2023-12-09 00:57:00,"Laut Jawa, Barat Daya Probolinggo",2.57,458.0,0.5665384531021118,0.0,0.836942732334137,False
2023-12-09 08:07:00,"Malang, Jawa Timur",5.45,115.0,3.5385518074035645,0.0,0.8624114990234375,False
2023-12-10 03:17:00,"Laut Jawa, Barat Daya Probolinggo",2.39,303.0,0.6207038164138794,0.0,0.7621232271194458,False
2023-12-10 15:30:00,Lumajang,3.99,110.0,0.6021326780319214,0.0,0.8214940428733826,False
2023-12-11 06:23:00,"Pasuruan, Jawa Timur",4.43,43.0,1.3927319049835205,0.0,0.7851912975311279,False
2023-12-11 19:24:00,"Probolinggo, Jawa Timur",2.23,662.0,0.9557170867919922,0.0,1.1536266803741455,False
2023-12-12 11:35:00,"Banyuwangi, Jawa Timur",7.34,122.0,5.811548709869385,0.0,1.1491042375564575,False
2023-12-14 13:18:00,Lumajang,5.3,602.0,2.674726724624634,0.0,1.0038878917694092,False
2023-12-15 00:01:00,"Pasuruan, Jawa Timur",5.15,239.0,1.018406629562378,0.0,0.9248248338699341,False
2023-12-17 00:36:00,"Banyuwangi, Jawa Timur",4.86,582.0,5.498153209686279,0.0,1.2621365785598755,False
2023-12-17 05:37:00,"Laut Selatan Jawa, Barat Daya Lumajang",7.02,354.0,0.9596875905990601,0.0,0.8020868897438049,False
2023-12-17 12:20:00,"Banyuwangi, Jawa Timur",2.39,429.0,5.570616722106934,0.0,0.7560290694236755,False
2023-12-18 01:11:00,Lumajang,3.61,174.0,1.2177098989486694,0.0,0.5666865110397339,False
2023-12-19 12:31:00,"Laut Selatan Jawa, Barat Daya Lumajang",4.71,380.0,1.9052691459655762,0.0,1.1636922359466553,False
2023-12-19 21:26:00,Lumajang,4.13,562.0,2.9971160888671875,0.0,1.1194735765457153,False
2023-12-20 13:25:00,Laut Jawa Timur,4.16,239.0,7.118725776672363,0.0,1.0402781963348389,False
2023-12-20 23:30:00,Lumajang,2.33,475.0,3.5300369262695312,0.0,0.9319477081298828,False
2023-12-21 01:06:00,"Pasuruan, Jawa Timur",5.91,77.0,1.4096312522888184,0.0,0.6982554197311401,False
2023-12-21 17:59:00,"Pasuruan, Jawa Timur",2.28,399.0,1.922858715057373,0.0,1.1716194152832031,False
2023-12-22 01:58:00,"Banyuwangi, Jawa Timur",2.9,148.0,4.568009376525879,0.0,1.1139646768569946,False
2023-12-23 03:18:00,Banyuwangi,6.57,470.0,5.94188928604126,0.0,1.075904369354248,False
2023-12-23 07:35:00,"Probolinggo, Jawa Timur",4.68,367.0,1.7763607501983643,0.0,1.0635120868682861,False
2023-12-23 09:11:00,"Probolinggo, Jawa Timur",6.5,301.0,2.7933783531188965,0.0,0.9763325452804565,False
2023-12-23 21:02:00,Banyuwangi,3.58,413.0,5.127721309661865,0.0,1.3182740211486816,False
2023-12-24 06:11:00,"Laut Jawa, Barat Daya Probolinggo",2.37,65.0,3.4665210247039795,0.0,0.773120641708374,False
2023-12-24 11:10:00,"Laut Selatan Jawa, Barat Daya Lumajang",7.93,173.0,3.1761507987976074,0.0,0.8838825225830078,False
2023-12-24 16:52:00,"Probolinggo, Jawa Timur",2.63,339.0,3.0527899265289307,0.0,0.9507560729980469,False
2023-12-25 07:34:00,"Banyuwangi, Jawa Timur",6.68,52.0,5.719986915588379,0.0,0.9934312105178833,False
2023-12-25 07:40:00,"Banyuwangi, Jawa Timur",4.19,667.0,6.3035688400268555,0.0,0.9961138367652893,False
2023-12-25 08:33:00,"Pasuruan, Jawa Timur",4.4,27.0,1.1545275449752808,0.0,0.9441090822219849,False
2023-12-25 21:15:00,Banyuwangi,6.05,20.0,4.698183059692383,0.0,1.1296803951263428,False
2023-12-26 22:13:00,Banyuwangi,7.52,637.0,4.176642894744873,0.0,0.9414788484573364,False
2023-12-26 22:37:00,Laut Jawa Timur,2.32,632.0,4.676635265350342,0.0,0.8349353075027466,False
2023-12-27 00:31:00,Laut Jawa Timur,5.66,407.0,8.835636138916016,0.0,1.0754555463790894,False
2023-12-27 03:28:00,"Banyuwangi, Jawa Timur",7.12,405.0,2.5693957805633545,0.0,1.3685332536697388,False
2023-12-28 00:18:00,"Banyuwangi, Jawa Timur",6.94,295.0,4.13178014755249,0.0,1.065976619720459,False
2023-12-28 12:50:00,"Laut Selatan Jawa, Barat Daya Lumajang",2.53,227.0,3.1671807765960693,0.0,1.3522236347198486,False
2023-12-28 13:25:00,"Malang, Jawa Timur",2.02,15.0,1.844711422920227,0.0,1.5022640228271484,False
2023-12-28 19:46:00,"Malang, Jawa Timur",6.16,518.0,0.794042706489563,0.0,0.9844973683357239,False
2024-01-01 01:17:00,"Probolinggo, Jawa Timur",7.55,580.0,4.3681745529174805,0.0,0.8498812317848206,False
2024-01-01 01:17:00,"Banyuwangi, Jawa Timur",7.0,459.0,3.198129177093506,0.0,1.5023999214172363,False
2024-01-01 04:55:00,Laut Jawa Timur,6.27,306.0,5.8258538246154785,0.0,1.2155823707580566,False
2024-01-01 07:54:00,Banyuwangi,4.66,432.0,2.1366031169891357,0.0,1.5210083723068237,False
2024-01-01 21:17:00,Banyuwangi,6.16,318.0,3.1397135257720947,0.0,1.5325241088867188,False
2024-01-02 05:33:00,"Laut Selatan Jawa, Barat Daya Lumajang",5.91,292.0,5.58490514755249,0.0,1.1539572477340698,False
2024-01-03 02:55:00,"Malang, Jawa Timur",6.45,58.0,0.47903645038604736,0.0,1.42355215549469,False
2024-01-03 18:07:00,Banyuwangi,4.69,435.0,2.734856605529785,0.0,1.4621148109436035,False
2024-01-05 01:12:00,"Pasuruan, Jawa Timur",2.7,48.0,1.696287751197815,0.0,1.2745320796966553,False
2024-01-05 16:24:00,"Laut Jawa, Barat Daya Probolinggo",4.94,90.0,5.192326068878174,0.0,1.150628924369812,False
2024-01-07 00:15:00,"Probolinggo, Jawa Timur",5.52,275.0,4.113631725311279,0.0,1.1958966255187988,False
2024-01-07 14:13:00,"Laut Selatan Jawa, Barat Daya Lumajang",6.83,684.0,5.244288444519043,0.0,1.0558161735534668,False
2024-01-07 14:32:00,"Banyuwangi, Jawa Timur",2.59,191.0,3.7545764446258545,0.0,1.6052191257476807,False
2024-01-07 19:02:00,"Banyuwangi, Jawa Timur",6.07,318.0,3.1340818405151367,0.0,1.6497445106506348,False
2024-01-08 01:07:00,"Banyuwangi, Jawa Timur",5.8,506.0,2.823746681213379,0.0,1.138927936553955,False
2024-01-08 17:00:00,"Pasuruan, Jawa Timur",2.42,471.0,2.2856011390686035,0.0,1.0915610790252686,False
2024-01-08 21:30:00,"Malang, Jawa Timur",6.34,533.0,1.3909040689468384,0.0,1.4066118001937866,False
2024-01-09 22:01:00,"Probolinggo, Jawa Timur",7.14,678.0,5.783021926879883,0.0,1.3500844240188599,False
2024-01-10 05:47:00,"Malang, Jawa Timur",6.92,129.0,1.4593443870544434,0.0,1.0635432004928589,False
2024-01-10 07:47:00,"Laut Selatan Jawa, Barat Daya Lumajang",7.2,274.0,4.02606201171875,0.0,1.414712905883789,False
2024-01-10 18:11:00,Banyuwangi,7.26,206.0,3.1503584384918213,0.0,1.1630102396011353,False
2024-01-10 21:27:00,"Banyuwangi, Jawa Timur",6.68,169.0,4.584712028503418,0.0,1.1243469715118408,False
2024-01-11 04:58:00,"Malang, Jawa Timur",2.05,163.0,3.3798370361328125,0.0,0.7427624464035034,False
2024-01-11 20:57:00,"Pasuruan, Jawa Timur",4.09,260.0,3.2035322189331055,0.0,0.6930379271507263,False
2024-01-12 13:38:00,"Laut Selatan Jawa, Barat Daya Lumajang",6.7,93.0,1.030484676361084,0.0,0.6951443552970886,False
2024-01-13 12:48:00,Lumajang,6.84,219.0,2.510769844055176,0.0,0.6773148775100708,False
2024-01-14 02:07:00,"Banyuwangi, Jawa Timur",2.77,476.0,5.2308759689331055,0.0,0.7992634177207947,False
2024-01-14 09:08:00,"Laut Selatan Jawa, Barat Daya Lumajang",5.52,157.0,3.1091115474700928,0.0,1.4183522462844849,False
2024-01-15 17:05:00,Lumajang,4.9,131.0,3.7355945110321045,0.0,1.1167864799499512,False
2024-01-16 02:21:00,"Pasuruan, Jawa Timur",6.87,27.0,0.9765130281448364,0.0,1.1921188831329346,False
2024-01-16 21:11:00,"Pasuruan, Jawa Timur",2.42,339.0,1.0703251361846924,0.0,0.912116289138794,False
2024-01-18 11:48:00,Banyuwangi,5.54,489.0,5.2618937492370605,0.0,0.8935380578041077,False
2024-01-18 13:58:00,"Malang, Jawa Timur",2.08,657.0,3.053340435028076,0.0,0.7726971507072449,False
2024-01-18 14:04:00,"Malang, Jawa Timur",6.03,274.0,2.514350652694702,0.0,0.8450022339820862,False
2024-01-19 03:38:00,"Malang, Jawa Timur",2.14,394.0,2.9323935508728027,0.0,1.0050904750823975,False
2024-01-19 07:07:00,Banyuwangi,5.48,360.0,3.536022663116455,0.0,0.9673532247543335,False
2024-01-19 11:50:00,"Pasuruan, Jawa Timur",2.63,541.0,1.2604109048843384,0.0,1.0988986492156982,False
2024-01-19 20:26:00,"Laut Jawa, Barat Daya Probolinggo",2.31,266.0,2.3078742027282715,0.0,0.8519502878189087,False
2024-01-20 04:00:00,"Banyuwangi, Jawa Timur",6.98,425.0,5.596860408782959,0.0,1.2224150896072388,False
2024-01-20 05:09:00,"Pasuruan, Jawa Timur",4.49,612.0,1.4689850807189941,0.0,1.021287202835083,False
2024-01-20 08:31:00,Lumajang,2.85,663.0,2.4957220554351807,0.0,0.941521406173706,False
2024-01-20 10:20:00,"Laut Selatan Jawa, Barat Daya Lumajang",2.98,158.0,3.1118175983428955,0.0,0.7288169860839844,False
2024-01-20 20:05:00,"Banyuwangi, Jawa Timur",5.44,406.0,5.988860130310059,0.0,0.9184030294418335,False
2024-01-21 13:14:00,Lumajang,5.55,103.0,3.3309085369110107,0.0,1.0080897808074951,False
2024-01-22 12:35:00,"Laut Selatan Jawa, Barat Daya Lumajang",7.25,390.0,3.661027431488037,0.0,1.013563632965088,False
2024-01-22 13:19:00,"Pasuruan, Jawa Timur",6.18,15.0,1.3897992372512817,0.0,1.1037789583206177,False
2024-01-22 13:51:00,"Laut Jawa, Barat Daya Probolinggo",4.09,678.0,4.863630294799805,0.0,0.9195957183837891,False
2024-01-22 21:16:00,"Banyuwangi, Jawa Timur",4.05,60.0,4.000183582305908,0.0,1.0040793418884277,False
2024-01-23 07:01:00,Laut Jawa Timur,3.86,659.0,8.544624328613281,0.0,1.4512927532196045,False
2024-01-23 12:07:00,Lumajang,4.55,305.0,4.560276508331299,0.0,1.0728733539581299,False
2024-01-23 16:43:00,Lumajang,3.59,471.0,3.957918643951416,0.0,1.3129031658172607,False
2024-01-24 00:52:00,Lumajang,7.13,677.0,3.3195128440856934,0.0,1.1986372470855713,False
2024-01-24 08:46:00,"Laut Selatan Jawa, Barat Daya Lumajang",3.42,325.0,4.088522911071777,0.0,0.9313316941261292,False
2024-01-24 15:02:00,"Malang, Jawa Timur",2.07,640.0,0.8128970265388489,0.0,1.3308767080307007,False
2024-01-24 15:28:00,"Probolinggo, Jawa Timur",2.92,374.0,3.9249749183654785,0.0,1.1103041172027588,False
2024-01-24 17:07:00,"Malang, Jawa Timur",7.23,305.0,0.931060254573822,0.0,1.5164440870285034,False
2024-01-26 12:09:00,"Laut Selatan Jawa, Barat Daya Lumajang",3.04,332.0,3.707998514175415,0.0,0.991573691368103,False
2024-01-26 13:50:00,Lumajang,5.13,213.0,2.8524057865142822,0.0,0.9034754633903503,False
2024-01-26 14:08:00,"Banyuwangi, Jawa Timur",3.55,226.0,4.594392776489258,0.0,1.3251601457595825,False
2024-01-27 00:12:00,"Malang, Jawa Timur",7.84,179.0,1.5306886434555054,0.0,1.097870945930481,False
2024-01-27 03:49:00,"Banyuwangi, Jawa Timur",6.01,439.0,3.696901559829712,0.0,1.1351748704910278,False
2024-02-01 09:39:00,"Malang, Jawa Timur",7.18,48.0,1.7653694152832031,0.0,1.2156602144241333,False
2024-02-02 08:56:00,"Malang, Jawa Timur",4.19,419.0,1.321135401725769,0.0,0.7942308783531189,False
2024-02-02 14:44:00,"Laut Jawa, Barat Daya Probolinggo",7.1,655.0,1.5165671110153198,0.0,1.0244601964950562,False
2024-02-02 18:50:00,"Laut Jawa, Barat Daya Probolinggo",4.66,195.0,0.9880051016807556,0.0,0.8047969341278076,False
2024-02-02 22:35:00,"Laut Jawa, Barat Daya Probolinggo",5.69,116.0,1.6120855808258057,0.0,0.8205723166465759,False
2024-02-03 01:52:00,"Probolinggo, Jawa Timur",6.18,290.0,2.266871452331543,0.0,0.897426962852478,False
2024-02-03 07:46:00,"Pasuruan, Jawa Timur",7.97,232.0,0.7293009161949158,0.0,1.101137638092041,False
2024-02-04 01:06:00,"Pasuruan, Jawa Timur",7.17,306.0,0.6801759004592896,0.0,0.9334452748298645,False
2024-02-04 08:01:00,"Malang, Jawa Timur",5.24,654.0,2.9037458896636963,0.0,0.8734158873558044,False
2024-02-04 18:16:00,"Pasuruan, Jawa Timur",6.91,459.0,0.6691124439239502,0.0,0.8532198667526245,False
2024-02-05 11:20:00,Lumajang,5.06,146.0,3.5568528175354004,0.0,0.9596513509750366,False
2024-02-07 04:58:00,"Malang, Jawa Timur",5.28,95.0,1.9703023433685303,0.0,1.5125762224197388,False
2024-02-08 07:59:00,Banyuwangi,4.26,223.0,4.547995567321777,0.0,1.3518410921096802,False
2024-02-08 10:19:00,"Banyuwangi, Jawa Timur",6.82,637.0,4.09218168258667,0.0,1.2334704399108887,False
2024-02-08 11:00:00,"Malang, Jawa Timur",3.44,84.0,2.3077645301818848,0.0,1.308178424835205,False
2024-02-08 23:14:00,"Banyuwangi, Jawa Timur",7.91,673.0,4.793054580688477,0.0,0.9390402436256409,False
2024-02-09 09:13:00,"Banyuwangi, Jawa Timur",6.74,592.0,5.254565715789795,0.0,1.371712327003479,False
2024-02-09 14:54:00,"Malang, Jawa Timur",5.94,246.0,3.719501495361328,0.0,0.7907353639602661,False
2024-02-11 10:26:00,"Laut Selatan Jawa, Barat Daya Lumajang",5.86,52.0,2.6768205165863037,0.0,1.151620626449585,False
2024-02-11 15:57:00,"Malang, Jawa Timur",7.53,465.0,4.3688178062438965,0.0,0.7926326394081116,False
2024-02-11 20:22:00,Lumajang,7.58,260.0,1.3508660793304443,0.0,0.5926685929298401,False
2024-02-12 12:55:00,"Laut Jawa, Barat Daya Probolinggo",6.42,664.0,1.7918179035186768,0.0,0.9612463712692261,False
2024-02-12 17:00:00,Banyuwangi,4.32,91.0,4.957522392272949,0.0,0.7717894315719604,False
2024-02-13 17:38:00,"Malang, Jawa Timur",7.57,379.0,3.0969722270965576,0.0,1.0124115943908691,False
2024-02-13 20:10:00,"Pasuruan, Jawa Timur",6.6,500.0,1.8261648416519165,0.0,0.8305524587631226,False
2024-02-14 13:17:00,"Laut Jawa, Barat Daya Probolinggo",7.89,365.0,2.672940731048584,0.0,0.924624502658844,False
2024-02-14 15:12:00,Laut Jawa Timur,2.81,37.0,8.944624900817871,0.0,1.1824734210968018,False
2024-02-15 09:12:00,"Malang, Jawa Timur",4.59,699.0,1.883044958114624,0.0,1.2059650421142578,False
2024-02-15 09:53:00,"Pasuruan, Jawa Timur",6.36,565.0,0.7821354269981384,0.0,1.020564079284668,False
2024-02-16 08:16:00,Lumajang,6.07,298.0,3.564312219619751,0.0,1.1135673522949219,False
2024-02-17 06:07:00,Lumajang,7.06,358.0,2.825477123260498,0.0,1.3760911226272583,False
2024-02-17 17:54:00,"Pasuruan, Jawa Timur",2.64,574.0,0.8209736347198486,0.0,1.07164466381073,False
2024-02-18 09:13:00,"Pasuruan, Jawa Timur",2.19,458.0,1.698697566986084,0.0,1.023531198501587,False
2024-02-19 13:41:00,"Laut Jawa, Barat Daya Probolinggo",4.15,128.0,2.688708782196045,0.0,1.0480799674987793,False
2024-02-19 17:50:00,Laut Jawa Timur,5.84,418.0,3.1225874423980713,0.0,1.4750136137008667,False
2024-02-19 23:24:00,Banyuwangi,7.94,630.0,4.195778846740723,0.0,1.2642585039138794,False
2024-02-20 09:52:00,"Malang, Jawa Timur",5.11,510.0,1.2546151876449585,0.0,0.945960283279419,False
2024-02-21 09:34:00,"Malang, Jawa Timur",2.83,327.0,1.1634347438812256,0.0,1.3819915056228638,False
2024-02-21 12:26:00,Banyuwangi,6.34,464.0,4.4735212326049805,0.0,0.9275016188621521,False
2024-02-22 23:53:00,"Pasuruan, Jawa Timur",6.04,474.0,0.992334246635437,0.0,0.9930469989776611,False
2024-02-23 13:16:00,"Laut Jawa, Barat Daya Probolinggo",2.63,658.0,4.01814079284668,0.0,1.0730876922607422,False
2024-02-23 15:02:00,Lumajang,5.48,245.0,4.76295804977417,0.0,1.3413535356521606,False
2024-02-24 02:14:00,"Probolinggo, Jawa Timur",4.33,213.0,2.526947021484375,0.0,1.0337752103805542,False
2024-02-24 05:01:00,"Laut Selatan Jawa, Barat Daya Lumajang",7.56,429.0,1.6465035676956177,0.0,0.773745596408844,False
2024-02-24 05:12:00,Banyuwangi,5.51,511.0,6.419320106506348,0.0,1.1312273740768433,False
2024-02-24 07:45:00,"Laut Jawa, Barat Daya Probolinggo",5.6,444.0,2.65075945854187,0.0,0.8839159607887268,False
2024-02-24 09:57:00,"Probolinggo, Jawa Timur",2.88,328.0,3.802807092666626,0.0,1.020458459854126,False
2024-02-25 20:39:00,"Pasuruan, Jawa Timur",5.99,302.0,0.7418928742408752,0.0,0.8691714406013489,False
2024-02-27 09:30:00,"Probolinggo, Jawa Timur",3.24,361.0,3.4427430629730225,0.0,0.9641239643096924,False
2024-02-27 17:34:00,"Banyuwangi, Jawa Timur",2.57,221.0,3.4556901454925537,0.0,1.3594831228256226,False
2024-02-28 05:42:00,Banyuwangi,5.09,217.0,4.086734294891357,0.0,1.3762104511260986,False
2024-02-28 06:08:00,"Laut Jawa, Barat Daya Probolinggo",5.24,43.0,3.1532328128814697,0.0,0.9301910400390625,False
2024-02-28 06:48:00,"Malang, Jawa Timur",2.75,134.0,2.338266134262085,0.0,1.0493851900100708,False
2024-03-01 00:38:00,"Pasuruan, Jawa Timur",7.73,582.0,1.3462885618209839,0.0,0.9119088649749756,False
2024-03-01 00:47:00,Lumajang,4.7,151.0,2.1818554401397705,0.0,1.0253736972808838,False
2024-03-01 04:39:00,"Malang, Jawa Timur",4.27,351.0,3.2005131244659424,0.0,0.7804999947547913,False
2024-03-01 22:33:00,Lumajang,3.08,302.0,1.9405423402786255,0.0,0.8683086633682251,False
2024-03-02 01:09:00,"Banyuwangi, Jawa Timur",5.17,565.0,3.942148447036743,0.0,1.0555864572525024,False
2024-03-02 01:20:00,"Laut Jawa, Barat Daya Probolinggo",6.31,686.0,2.447844982147217,0.0,0.7885617613792419,False
2024-03-02 19:31:00,Banyuwangi,4.75,170.0,3.9147579669952393,0.0,0.8817970752716064,False
2024-03-03 15:18:00,"Laut Jawa, Barat Daya Probolinggo",5.11,607.0,3.2233316898345947,0.0,0.9866324663162231,False
2024-03-04 01:58:00,"Laut Selatan Jawa, Barat Daya Lumajang",3.1,517.0,3.670243978500366,0.0,1.049781084060669,False
2024-03-04 08:04:00,Laut Jawa Timur,5.16,119.0,4.435798645019531,0.0,0.9378407001495361,False
2024-03-05 01:02:00,"Malang, Jawa Timur",6.01,525.0,1.1800944805145264,0.0,0.7361729145050049,False
2024-03-05 05:05:00,"Laut Jawa, Barat Daya Probolinggo",4.08,238.0,4.088475704193115,0.0,0.9355759024620056,False
2024-03-05 10:15:00,"Probolinggo, Jawa Timur",7.48,687.0,2.683807373046875,0.0,0.970769464969635,False
2024-03-05 10:18:00,"Laut Jawa, Barat Daya Probolinggo",3.16,578.0,2.6068179607391357,0.0,1.1127572059631348,False
2024-03-06 08:15:00,"Malang, Jawa Timur",5.44,541.0,2.1287126541137695,0.0,0.9916868805885315,False
2024-03-07 13:32:00,Laut Jawa Timur,2.63,691.0,2.354128837585449,0.0,1.1253116130828857,False
2024-03-07 23:18:00,"Banyuwangi, Jawa Timur",4.98,38.0,4.633666038513184,0.0,1.0772364139556885,False
2024-03-08 14:49:00,"Laut Jawa, Barat Daya Probolinggo",5.86,218.0,3.144810199737549,0.0,0.8786278367042542,False
2024-03-09 13:08:00,"Banyuwangi, Jawa Timur",3.16,596.0,5.77982759475708,0.0,0.9682810306549072,False
2024-03-09 13:22:00,"Laut Selatan Jawa, Barat Daya Lumajang",4.36,422.0,2.690157413482666,0.0,0.7165838479995728,False
2024-03-09 18:50:00,"Pasuruan, Jawa Timur",2.04,478.0,1.0358623266220093,0.0,0.8820882439613342,False
2024-03-09 22:11:00,"Pasuruan, Jawa Timur",6.4,260.0,1.0381520986557007,0.0,0.8674285411834717,False
2024-03-10 01:47:00,"Laut Selatan Jawa, Barat Daya Lumajang",7.03,259.0,2.8250575065612793,0.0,0.9189895987510681,False
2024-03-10 02:03:00,Lumajang,6.23,608.0,2.359133005142212,0.0,0.9578785300254822,False
2024-03-10 21:12:00,"Pasuruan, Jawa Timur",3.29,380.0,0.6480762958526611,0.0,0.8629727959632874,False
2024-03-11 00:19:00,Banyuwangi,4.25,245.0,6.017470359802246,0.0,0.887657105922699,False
2024-03-11 18:17:00,"Probolinggo, Jawa Timur",6.58,135.0,2.8205783367156982,0.0,1.121696949005127,False
2024-03-11 20:27:00,Banyuwangi,2.72,625.0,3.386479377746582,0.0,1.2749868631362915,False
2024-03-11 22:53:00,"Malang, Jawa Timur",2.01,379.0,1.5810729265213013,0.0,1.0742268562316895,False
2024-03-13 03:55:00,Laut Jawa Timur,3.54,108.0,1.7980384826660156,0.0,1.1551493406295776,False
2024-03-13 07:47:00,"Pasuruan, Jawa Timur",6.26,674.0,1.4235858917236328,0.0,0.8686307668685913,False
2024-03-13 23:43:00,"Malang, Jawa Timur",7.41,588.0,0.5912378430366516,0.0,0.9845165014266968,False
2024-03-14 16:40:00,Laut Jawa Timur,4.19,6.0,2.711087703704834,0.0,1.242950439453125,False
2024-03-15 03:19:00,Banyuwangi,5.64,638.0,3.5794546604156494,0.0,1.0589878559112549,False
2024-03-16 05:51:00,"Probolinggo, Jawa Timur",2.92,306.0,3.990516424179077,0.0,1.2421114444732666,False
2024-03-16 08:28:00,"Probolinggo, Jawa Timur",3.78,164.0,3.3436028957366943,0.0,1.1754313707351685,False
2024-03-16 14:20:00,"Malang, Jawa Timur",3.09,112.0,0.8400660157203674,0.0,1.107421875,False
2024-03-16 17:38:00,"Pasuruan, Jawa Timur",7.67,398.0,0.9823406934738159,0.0,1.121764898300171,False
2024-03-16 19:17:00,Laut Jawa Timur,6.31,232.0,9.129322052001953,0.0,1.019898772239685,False
2024-03-17 01:21:00,"Malang, Jawa Timur",7.75,425.0,1.4962081909179688,0.0,1.1533782482147217,False
2024-03-17 15:18:00,"Probolinggo, Jawa Timur",5.86,141.0,4.508927345275879,0.0,1.2087827920913696,False
2024-03-17 15:57:00,"Probolinggo, Jawa Timur",4.47,175.0,4.889076232910156,0.0,1.5284754037857056,False
2024-03-17 17:03:00,"Banyuwangi, Jawa Timur",6.23,437.0,3.5229876041412354,0.0,1.1372641324996948,False
2024-03-19 13:49:00,Banyuwangi,2.71,40.0,3.404008150100708,0.0,1.0426937341690063,False
2024-03-19 21:59:00,"Laut Selatan Jawa, Barat Daya Lumajang",2.63,357.0,5.127622604370117,0.0,1.2628178596496582,False
2024-03-20 00:51:00,"Malang, Jawa Timur",5.67,582.0,1.3425198793411255,0.0,1.0788753032684326,False
2024-03-20 06:01:00,Lumajang,2.99,470.0,4.510518550872803,0.0,1.0499082803726196,False
2024-03-20 06:07:00,Laut Jawa Timur,4.16,58.0,2.9896414279937744,0.0,1.122365117073059,False
2024-03-20 11:46:00,Lumajang,3.43,2.0,3.998049020767212,0.0,1.3116881847381592,False
2024-03-20 14:12:00,"Pasuruan, Jawa Timur",5.48,629.0,0.8732446432113647,0.0,1.3335343599319458,False
2024-03-20 14:39:00,"Pasuruan, Jawa Timur",2.52,553.0,1.6093497276306152,0.0,1.4003037214279175,False
2024-03-20 18:51:00,"Malang, Jawa Timur",3.07,444.0,1.3800667524337769,0.0,1.3536999225616455,False
2024-03-20 19:46:00,"Laut Jawa, Barat Daya Probolinggo",7.69,343.0,4.305056095123291,0.0,1.1357386112213135,False
2024-03-21 04:02:00,"Banyuwangi, Jawa Timur",4.12,165.0,3.881870746612549,0.0,1.0764012336730957,False
2024-03-21 17:30:00,Laut Jawa Timur,5.6,627.0,1.7284384965896606,0.0,1.2263039350509644,False
2024-03-22 08:51:00,Lumajang,3.2,674.0,3.441929817199707,0.0,1.0760934352874756,False
2024-03-23 18:30:00,"Probolinggo, Jawa Timur",4.28,650.0,4.9187140464782715,0.0,1.3543015718460083,False
2024-03-25 23:29:00,Lumajang,5.27,337.0,4.799278736114502,0.0,1.2218047380447388,False
2024-03-26 08:33:00,Banyuwangi,3.19,170.0,2.857355833053589,0.0,1.0701615810394287,False
2024-03-27 01:01:00,Banyuwangi,6.87,249.0,4.2838239669799805,0.0,0.9575121998786926,False
2024-03-27 01:34:00,"Pasuruan, Jawa Timur",5.58,59.0,0.9256999492645264,0.0,1.058178424835205,False
2024-03-27 05:25:00,Lumajang,4.87,102.0,3.610940456390381,0.0,1.1237003803253174,False
2024-03-27 07:58:00,Banyuwangi,7.44,4.0,5.080846309661865,0.0,1.0693397521972656,False
2024-03-27 23:30:00,Laut Jawa Timur,3.83,272.0,0.7848792672157288,0.0,0.8888594508171082,False
2024-04-01 02:54:00,"Malang, Jawa Timur",2.64,209.0,3.1918728351593018,0.0,1.067345142364502,False
2024-04-01 10:25:00,"Malang, Jawa Timur",5.57,574.0,2.48525071144104,0.0,0.9594458341598511,False
2024-04-02 07:17:00,Lumajang,7.96,183.0,2.108635902404785,0.0,0.8204132914543152,False
2024-04-02 10:36:00,Lumajang,7.88,213.0,1.2321152687072754,0.0,0.7584816813468933,False
2024-04-02 13:25:00,Laut Jawa Timur,5.12,483.0,2.1563832759857178,0.0,0.9518954753875732,False
2024-04-03 00:33:00,Banyuwangi,6.13,190.0,4.991528034210205,0.0,0.8818324208259583,False
2024-04-05 06:05:00,"Banyuwangi, Jawa Timur",5.32,258.0,7.510792255401611,0.0,0.7493743896484375,False
2024-04-06 12:06:00,"Laut Jawa, Barat Daya Probolinggo",4.87,251.0,1.6547812223434448,0.0,0.7338006496429443,False
2024-04-07 13:00:00,Laut Jawa Timur,7.28,268.0,12.159011840820312,0.0,0.8475054502487183,False
2024-04-08 01:41:00,"Banyuwangi, Jawa Timur",7.63,119.0,5.822432518005371,0.0,0.9578951597213745,False
2024-04-09 23:25:00,Banyuwangi,5.3,652.0,5.581409931182861,0.0,1.2050923109054565,False
2024-04-10 23:15:00,Lumajang,2.46,685.0,2.040621280670166,0.0,1.0364537239074707,False
2024-04-11 03:21:00,Banyuwangi,4.65,159.0,7.1558990478515625,0.0,0.584494948387146,False
2024-04-11 03:47:00,"Laut Selatan Jawa, Barat Daya Lumajang",2.88,644.0,1.182802677154541,0.0,1.138493537902832,False
2024-04-11 16:19:00,"Laut Jawa, Barat Daya Probolinggo",5.64,555.0,0.7894582748413086,0.0,0.6270762085914612,False
2024-04-12 03:48:00,Banyuwangi,2.49,324.0,6.462374687194824,0.0,1.006780982017517,False
2024-04-12 07:01:00,"Pasuruan, Jawa Timur",6.5,645.0,2.81967830657959,0.0,0.6778509616851807,False
2024-04-12 21:08:00,"Laut Selatan Jawa, Barat Daya Lumajang",2.63,534.0,0.5148877501487732,0.0,0.7275035381317139,False
2024-04-13 01:52:00,"Banyuwangi, Jawa Timur",2.02,13.0,5.6085944175720215,0.0,0.8751251697540283,False
2024-04-13 03:53:00,"Probolinggo, Jawa Timur",6.51,41.0,1.4189954996109009,0.0,0.9331145882606506,False
2024-04-14 03:48:00,"Malang, Jawa Timur",4.03,562.0,1.1820595264434814,0.0,0.9927341938018799,False
2024-04-14 09:06:00,Laut Jawa Timur,6.76,383.0,3.2067525386810303,0.0,1.1037213802337646,False
2024-04-14 09:07:00,"Pasuruan, Jawa Timur",5.21,270.0,0.7628713846206665,0.0,1.1495795249938965,False
2024-04-15 08:51:00,"Malang, Jawa Timur",7.39,69.0,1.9135581254959106,0.0,1.522960901260376,False
2024-04-16 22:13:00,"Laut Jawa, Barat Daya Probolinggo",4.26,547.0,1.959247350692749,0.0,0.8353363871574402,False
2024-04-16 22:15:00,"Laut Selatan Jawa, Barat Daya Lumajang",7.63,317.0,1.8844115734100342,0.0,0.7197593450546265,False
2024-04-16 23:00:00,"Banyuwangi, Jawa Timur",6.59,143.0,6.8953447341918945,0.0,0.9521033763885498,False
2024-04-17 07:50:00,"Pasuruan, Jawa Timur",6.12,525.0,2.186246156692505,0.0,0.8828647136688232,False
2024-04-17 10:13:00,"Laut Jawa, Barat Daya Probolinggo",2.75,164.0,1.0634541511535645,0.0,0.7299277186393738,False
2024-04-17 13:09:00,"Banyuwangi, Jawa Timur",7.87,515.0,3.7419917583465576,0.0,1.3289307355880737,False
2024-04-17 19:41:00,Banyuwangi,3.72,153.0,4.226550102233887,0.0,1.2808085680007935,False
2024-04-18 00:04:00,"Laut Selatan Jawa, Barat Daya Lumajang",5.82,2.0,2.6400580406188965,0.0,1.0996108055114746,False
2024-04-18 18:36:00,Laut Jawa Timur,6.26,691.0,0.530807614326477,0.0,0.9949802160263062,False
2024-04-19 12:54:00,Lumajang,2.65,540.0,3.6006178855895996,0.0,1.2531145811080933,False
2024-04-19 17:30:00,"Laut Jawa, Barat Daya Probolinggo",2.04,510.0,3.3636856079101562,0.0,0.976384699344635,False
2024-04-20 05:15:00,"Malang, Jawa Timur",2.79,247.0,1.1001756191253662,0.0,1.328416347503662,False
2024-04-21 11:41:00,"Banyuwangi, Jawa Timur",5.48,215.0,3.389301300048828,0.0,1.2973207235336304,False
2024-04-22 10:00:00,Banyuwangi,4.99,358.0,3.5326271057128906,0.0,1.2286640405654907,False
2024-04-22 10:14:00,"Probolinggo, Jawa Timur",5.37,366.0,2.7617063522338867,0.0,0.9681052565574646,False
2024-04-23 14:13:00,"Banyuwangi, Jawa Timur",5.54,429.0,3.792923927307129,0.0,1.1430444717407227,False
2024-04-24 23:20:00,"Pasuruan, Jawa Timur",7.43,23.0,0.8163049221038818,0.0,1.183203935623169,False
2024-04-25 19:17:00,Laut Jawa Timur,7.2,10.0,8.592925071716309,0.0,1.034536361694336,False
2024-04-26 01:16:00,Laut Jawa Timur,7.16,142.0,1.3761699199676514,0.0,0.7783719301223755,False
2024-04-27 18:30:00,"Laut Jawa, Barat Daya Probolinggo",6.38,50.0,2.6542909145355225,0.0,1.0011591911315918,False
2024-04-28 18:08:00,"Malang, Jawa Timur",3.25,137.0,1.0572460889816284,0.0,1.1302568912506104,False
2024-04-28 22:04:00,"Laut Jawa, Barat Daya Probolinggo",3.65,662.0,2.3077073097229004,0.0,0.9830869436264038,False
2024-05-01 09:56:00,Laut Jawa Timur,4.6,375.0,8.435280799865723,0.0,0.9230459928512573,False
2024-05-01 12:58:00,"Laut Selatan Jawa, Barat Daya Lumajang",3.6,229.0,1.9142091274261475,0.0,0.8944267630577087,False
2024-05-01 15:14:00,"Laut Jawa, Barat Daya Probolinggo",5.62,95.0,2.9314024448394775,0.0,0.7703456282615662,False
2024-05-02 19:51:00,Banyuwangi,4.37,515.0,4.324073314666748,0.0,1.0183711051940918,False
2024-05-03 12:04:00,"Pasuruan, Jawa Timur",6.12,598.0,2.026028871536255,0.0,1.2569653987884521,False
2024-05-03 18:14:00,Banyuwangi,4.81,45.0,4.841392517089844,0.0,1.1622825860977173,False
2024-05-04 05:11:00,"Laut Selatan Jawa, Barat Daya Lumajang",7.75,60.0,4.119187355041504,0.0,1.1330342292785645,False
2024-05-04 08:15:00,"Malang, Jawa Timur",2.66,240.0,3.128293037414551,0.0,0.9513882994651794,False
2024-05-05 09:41:00,"Probolinggo, Jawa Timur",7.3,9.0,4.818511962890625,0.0,1.246709942817688,False
2024-05-06 07:58:00,Banyuwangi,7.63,474.0,3.8756370544433594,0.0,1.3879778385162354,False
2024-05-06 08:46:00,Laut Jawa Timur,6.37,40.0,1.433318853378296,0.0,1.258253812789917,False
2024-05-07 01:48:00,Lumajang,7.29,120.0,1.5393632650375366,0.0,0.9376604557037354,False
2024-05-07 13:51:00,"Pasuruan, Jawa Timur",5.45,208.0,1.9700113534927368,0.0,1.1281840801239014,False
2024-05-07 19:46:00,"Banyuwangi, Jawa Timur",2.18,358.0,6.150862693786621,0.0,0.9015730619430542,False
2024-05-08 09:32:00,"Laut Selatan Jawa, Barat Daya Lumajang",3.02,236.0,1.8722103834152222,0.0,0.9143698811531067,False
2024-05-08 18:10:00,Banyuwangi,6.86,358.0,4.8162431716918945,0.0,0.9584473967552185,False
2024-05-09 06:18:00,"Malang, Jawa Timur",4.99,65.0,2.354043483734131,0.0,0.7998504638671875,False
2024-05-09 13:42:00,"Probolinggo, Jawa Timur",6.52,695.0,3.0531904697418213,0.0,1.1599600315093994,False
2024-05-09 18:26:00,Banyuwangi,5.38,488.0,3.0129847526550293,0.0,1.5897973775863647,False
2024-05-09 22:35:00,Lumajang,3.09,2.0,3.8342654705047607,0.0,1.190334439277649,False
2024-05-12 05:07:00,"Malang, Jawa Timur",7.4,2.0,1.7329567670822144,0.0,0.8349539637565613,False
2024-05-12 12:07:00,Laut Jawa Timur,3.45,290.0,6.924542427062988,0.0,0.9200451374053955,False
2024-05-12 20:17:00,"Pasuruan, Jawa Timur",7.49,519.0,1.1957924365997314,0.0,0.9171215891838074,False
2024-05-13 11:53:00,"Pasuruan, Jawa Timur",6.19,474.0,1.026604413986206,0.0,1.0139051675796509,False
2024-05-13 13:15:00,Laut Jawa Timur,7.33,657.0,9.844926834106445,0.0,0.8756986260414124,False
2024-05-13 19:21:00,"Malang, Jawa Timur",5.13,529.0,3.2754530906677246,0.0,1.0218884944915771,False
2024-05-13 20:27:00,"Probolinggo, Jawa Timur",4.51,646.0,1.4353797435760498,0.0,1.0543403625488281,False
2024-05-14 12:17:00,"Pasuruan, Jawa Timur",5.81,334.0,0.9254334568977356,0.0,0.7674451470375061,False
2024-05-14 16:13:00,"Probolinggo, Jawa Timur",4.21,377.0,3.103101968765259,0.0,0.9466709494590759,False
2024-05-15 02:29:00,"Laut Selatan Jawa, Barat Daya Lumajang",7.15,700.0,2.588029146194458,0.0,0.8405237793922424,False
2024-05-15 11:27:00,"Banyuwangi, Jawa Timur",5.9,682.0,4.144224643707275,0.0,1.105886459350586,False
2024-05-15 15:40:00,"Malang, Jawa Timur",2.7,6.0,2.453625440597534,0.0,1.0372389554977417,False
2024-05-15 20:25:00,"Malang, Jawa Timur",4.33,135.0,1.5007535219192505,0.0,0.9309438467025757,False
2024-05-15 21:20:00,Lumajang,3.3,156.0,3.468478202819824,0.0,0.9251135587692261,False
2024-05-16 01:17:00,"Laut Selatan Jawa, Barat Daya Lumajang",2.04,9.0,2.94238018989563,0.0,1.04848051071167,False
2024-05-16 17:14:00,"Malang, Jawa Timur",4.43,284.0,1.73068106174469,0.0,1.5071302652359009,False
2024-05-17 06:14:00,"Laut Jawa, Barat Daya Probolinggo",5.8,246.0,3.4174013137817383,0.0,1.0576186180114746,False
2024-05-17 14:11:00,"Probolinggo, Jawa Timur",3.19,288.0,2.7141382694244385,0.0,0.8226126432418823,False
2024-05-17 17:38:00,"Pasuruan, Jawa Timur",2.22,531.0,1.4978739023208618,0.0,1.1492912769317627,False
2024-05-18 07:41:00,"Malang, Jawa Timur",2.01,81.0,0.845637857913971,0.0,0.8990498185157776,False
2024-05-19 16:34:00,"Probolinggo, Jawa Timur",2.17,161.0,2.0996222496032715,0.0,0.7737025022506714,False
2024-05-19 21:11:00,"Probolinggo, Jawa Timur",5.46,91.0,2.7227883338928223,0.0,0.861747145652771,False
2024-05-20 12:34:00,"Laut Selatan Jawa, Barat Daya Lumajang",7.88,157.0,1.4460989236831665,0.0,1.001192569732666,False
2024-05-20 13:48:00,"Laut Selatan Jawa, Barat Daya Lumajang",7.92,684.0,2.7376692295074463,0.0,0.8029064536094666,False
2024-05-20 20:10:00,Laut Jawa Timur,3.95,134.0,8.681597709655762,0.0,1.1238157749176025,False
2024-05-20 21:27:00,Lumajang,3.45,227.0,4.0730180740356445,0.0,1.3659336566925049,False
2024-05-21 09:24:00,Lumajang,5.61,261.0,3.0016696453094482,0.0,1.1587464809417725,False
2024-05-22 04:20:00,Laut Jawa Timur,2.8,189.0,11.814915657043457,0.0,1.3335713148117065,False
2024-05-22 06:57:00,Lumajang,4.37,649.0,4.128073692321777,0.0,2.147286891937256,False
2024-05-23 13:57:00,Laut Jawa Timur,2.76,464.0,8.259859085083008,0.0,1.6655126810073853,False
2024-05-24 22:23:00,"Banyuwangi, Jawa Timur",7.08,123.0,3.623213052749634,0.0,1.295059323310852,False
2024-05-25 05:38:00,"Laut Selatan Jawa, Barat Daya Lumajang",2.76,443.0,4.172701835632324,0.0,1.1527674198150635,False
2024-05-25 07:04:00,Banyuwangi,5.81,552.0,3.108124256134033,0.0,1.2177977561950684,False
2024-05-25 11:27:00,Lumajang,7.36,388.0,3.8028388023376465,0.0,1.220267415046692,False
2024-05-25 16:41:00,"Banyuwangi, Jawa Timur",2.73,547.0,2.6307034492492676,0.0,1.2544057369232178,False
2024-05-26 18:47:00,Banyuwangi,7.38,189.0,4.296498775482178,0.0,1.3114218711853027,False
2024-05-26 21:17:00,Banyuwangi,2.39,638.0,3.1987955570220947,0.0,1.0509974956512451,False
2024-05-27 01:32:00,"Laut Selatan Jawa, Barat Daya Lumajang",4.34,62.0,4.443920612335205,0.0,1.0666210651397705,False
2024-05-27 08:28:00,Laut Jawa Timur,3.89,19.0,2.1499102115631104,0.0,1.350829005241394,False
2024-05-28 19:44:00,"Probolinggo, Jawa Timur",6.3,594.0,5.15689754486084,0.0,1.3432066440582275,False
2024-06-01 12:03:00,Lumajang,5.14,281.0,6.468676567077637,0.0,1.4691271781921387,False
2024-06-01 20:42:00,Banyuwangi,2.13,168.0,2.9622457027435303,0.0,1.0361207723617554,False
2024-06-02 23:53:00,"Laut Selatan Jawa, Barat Daya Lumajang",5.46,432.0,4.955099105834961,0.0,1.0092767477035522,False
2024-06-04 09:46:00,Laut Jawa Timur,4.9,314.0,5.075561046600342,0.0,1.0388381481170654,False
2024-06-05 01:11:00,Banyuwangi,6.11,463.0,5.767579078674316,0.0,1.0483448505401611,False
2024-06-05 08:15:00,"Pasuruan, Jawa Timur",7.61,77.0,2.0749669075012207,0.0,0.8790203928947449,False
2024-06-05 11:33:00,"Malang, Jawa Timur",7.01,510.0,3.4581010341644287,0.0,0.68269944190979,False
2024-06-05 12:09:00,"Malang, Jawa Timur",3.28,474.0,2.6752476692199707,0.0,0.8189996480941772,False
2024-06-06 12:18:00,Lumajang,2.24,627.0,1.4226467609405518,0.0,0.8003790378570557,False
2024-06-06 18:01:00,Banyuwangi,6.39,231.0,5.467409610748291,0.0,1.013984203338623,False
2024-06-06 18:31:00,"Malang, Jawa Timur",3.15,215.0,3.7208008766174316,0.0,0.7821394801139832,False
2024-06-06 19:40:00,"Probolinggo, Jawa Timur",2.67,636.0,0.8565163016319275,0.0,0.6969070434570312,False
2024-06-06 23:21:00,"Laut Jawa, Barat Daya Probolinggo",7.43,272.0,2.7154552936553955,0.0,0.7437939047813416,False
2024-06-07 04:12:00,"Banyuwangi, Jawa Timur",6.84,531.0,5.487655162811279,0.0,0.915988028049469,False
2024-06-07 04:30:00,"Malang, Jawa Timur",6.48,146.0,3.4917144775390625,0.0,0.8713852763175964,False
2024-06-07 16:34:00,Laut Jawa Timur,3.08,583.0,9.627839088439941,0.0,0.9790195822715759,False
2024-06-08 02:17:00,"Probolinggo, Jawa Timur",5.26,160.0,2.0389089584350586,0.0,0.9701506495475769,False
2024-06-09 06:44:00,Lumajang,5.84,683.0,2.4799296855926514,0.0,1.163617730140686,False
2024-06-09 19:55:00,"Probolinggo, Jawa Timur",3.06,330.0,4.493708610534668,0.0,1.7684109210968018,False
2024-06-10 11:21:00,"Malang, Jawa Timur",4.05,45.0,2.535675048828125,0.0,1.1872570514678955,False
2024-06-11 07:03:00,"Laut Selatan Jawa, Barat Daya Lumajang",6.65,532.0,2.9606502056121826,0.0,1.019622564315796,False
2024-06-12 15:01:00,Banyuwangi,5.72,84.0,3.7237231731414795,0.0,1.104548692703247,False
2024-06-12 17:43:00,"Probolinggo, Jawa Timur",4.01,7.0,1.928458333015442,0.0,1.0641382932662964,False
2024-06-12 20:34:00,"Laut Selatan Jawa, Barat Daya Lumajang",7.95,578.0,3.163301944732666,0.0,0.869338870048523,False
2024-06-14 09:25:00,Laut Jawa Timur,2.08,291.0,8.521215438842773,0.0,1.0852017402648926,False
2024-06-14 11:10:00,"Malang, Jawa Timur",5.33,632.0,2.4113447666168213,0.0,1.1055563688278198,False
2024-06-14 13:48:00,"Laut Jawa, Barat Daya Probolinggo",6.12,631.0,2.4396491050720215,0.0,1.1549512147903442,False
2024-06-14 17:47:00,Banyuwangi,6.67,41.0,4.915593147277832,0.0,0.921290934085846,False
2024-06-15 21:01:00,"Pasuruan, Jawa Timur",2.27,289.0,1.1459749937057495,0.0,0.9456517696380615,False
2024-06-16 06:05:00,"Probolinggo, Jawa Timur",7.33,128.0,3.1680712699890137,0.0,1.0694979429244995,False
2024-06-17 06:38:00,"Banyuwangi, Jawa Timur",7.15,684.0,4.960392475128174,0.0,0.8874709010124207,False
2024-06-17 14:47:00,"Banyuwangi, Jawa Timur",4.86,422.0,6.733159065246582,0.0,0.932969331741333,False
2024-06-18 14:24:00,"Laut Jawa, Barat Daya Probolinggo",4.55,281.0,1.0773842334747314,0.0,0.8635050654411316,False
2024-06-19 11:35:00,Laut Jawa Timur,3.03,595.0,7.8765387535095215,0.0,0.9388622045516968,False
2024-06-19 22:47:00,"Laut Jawa, Barat Daya Probolinggo",4.2,625.0,2.2007246017456055,0.0,1.0539041757583618,False
2024-06-20 08:23:00,"Probolinggo, Jawa Timur",6.7,534.0,2.449058771133423,0.0,1.1119275093078613,False
2024-06-20 16:54:00,"Banyuwangi, Jawa Timur",2.67,281.0,3.945814371109009,0.0,1.1308850049972534,False
2024-06-21 08:15:00,"Probolinggo, Jawa Timur",2.38,232.0,2.9254775047302246,0.0,1.053892970085144,False
2024-06-21 10:05:00,"Laut Jawa, Barat Daya Probolinggo",2.68,107.0,3.5985498428344727,0.0,0.9239276051521301,False
2024-06-21 19:56:00,"Pasuruan, Jawa Timur",3.13,45.0,1.2164591550827026,0.0,1.0894287824630737,False
2024-06-21 23:37:00,Banyuwangi,5.11,444.0,5.431674480438232,0.0,1.0880407094955444,False
2024-06-22 02:58:00,"Probolinggo, Jawa Timur",4.68,454.0,1.4908162355422974,0.0,0.9998453855514526,False
2024-06-22 03:07:00,"Laut Selatan Jawa, Barat Daya Lumajang",7.96,367.0,2.5413336753845215,0.0,1.0115115642547607,False
2024-06-22 05:19:00,Laut Jawa Timur,6.0,337.0,6.004003047943115,0.0,0.9146085977554321,False
2024-06-22 20:04:00,"Laut Jawa, Barat Daya Probolinggo",4.43,443.0,1.754981517791748,0.0,0.9776351451873779,False
2024-06-22 23:06:00,"Malang, Jawa Timur",5.37,208.0,1.500455379486084,0.0,1.051371455192566,False
2024-06-23 09:16:00,Lumajang,4.96,24.0,2.314378261566162,0.0,0.7633157968521118,False
2024-06-23 13:42:00,"Banyuwangi, Jawa Timur",6.99,349.0,4.666356086730957,0.0,0.7870089411735535,False
2024-06-25 22:46:00,"Laut Selatan Jawa, Barat Daya Lumajang",7.37,635.0,1.7150630950927734,0.0,0.7918781042098999,False
2024-06-26 01:42:00,Lumajang,5.05,512.0,1.6999211311340332,0.0,0.6858460307121277,False
2024-06-26 09:47:00,"Laut Selatan Jawa, Barat Daya Lumajang",4.05,1.0,2.009927988052368,0.0,0.7963563203811646,False
2024-06-26 21:32:00,"Probolinggo, Jawa Timur",6.21,238.0,1.978129267692566,0.0,0.9484797120094299,False
2024-06-27 07:56:00,"Probolinggo, Jawa Timur",7.42,531.0,1.5344486236572266,0.0,0.7323402762413025,False
2024-06-28 00:24:00,"Banyuwangi, Jawa Timur",6.36,180.0,6.424708366394043,0.0,0.8604102730751038,False
2024-06-28 01:12:00,"Banyuwangi, Jawa Timur",3.11,181.0,4.834723472595215,0.0,1.0898791551589966,False
2024-06-28 02:45:00,Lumajang,3.5,122.0,2.7223381996154785,0.0,0.8899653553962708,False
2024-06-28 05:00:00,"Laut Selatan Jawa, Barat Daya Lumajang",6.89,272.0,2.5010905265808105,0.0,0.9619369506835938,False
2024-06-28 07:42:00,"Pasuruan, Jawa Timur",3.91,621.0,1.138694167137146,0.0,1.0630980730056763,False
2024-07-03 02:53:00,"Malang, Jawa Timur",6.04,502.0,2.82403564453125,0.0,1.0697665214538574,False
2024-07-04 07:17:00,"Malang, Jawa Timur",3.13,118.0,1.7408875226974487,0.0,1.0368146896362305,False
2024-07-04 11:32:00,"Malang, Jawa Timur",5.08,24.0,2.7857470512390137,0.0,1.0055617094039917,False
2024-07-04 16:41:00,"Probolinggo, Jawa Timur",3.95,406.0,1.6444969177246094,0.0,0.9796832203865051,False
2024-07-04 16:50:00,"Banyuwangi, Jawa Timur",2.84,368.0,5.61313533782959,0.0,1.0178577899932861,False
2024-07-04 17:14:00,Banyuwangi,7.24,379.0,5.0710625648498535,0.0,0.9561038613319397,False
2024-07-05 13:38:00,"Laut Jawa, Barat Daya Probolinggo",2.9,423.0,1.5779778957366943,0.0,1.1495897769927979,False
2024-07-05 13:42:00,Laut Jawa Timur,4.6,662.0,10.198418617248535,0.0,0.8436561822891235,False
2024-07-05 19:18:00,Lumajang,3.26,277.0,1.0818870067596436,0.0,1.0010584592819214,False
2024-07-06 06:31:00,Banyuwangi,2.36,686.0,5.277740001678467,0.0,0.8503382802009583,False
2024-07-06 07:32:00,"Banyuwangi, Jawa Timur",7.83,212.0,4.876694202423096,0.0,1.071226954460144,False
2024-07-06 14:52:00,Laut Jawa Timur,6.4,428.0,11.58046817779541,0.0,0.8359823822975159,False
2024-07-07 20:34:00,Lumajang,5.11,75.0,1.4063993692398071,0.0,0.9983704090118408,False
2024-07-07 21:36:00,"Pasuruan, Jawa Timur",7.1,22.0,2.9693517684936523,0.0,0.8107882142066956,False
2024-07-08 00:58:00,"Laut Selatan Jawa, Barat Daya Lumajang",5.05,216.0,1.4364198446273804,0.0,1.1039587259292603,False
2024-07-09 03:50:00,"Banyuwangi, Jawa Timur",5.41,16.0,4.957117080688477,0.0,1.3755066394805908,False
2024-07-10 00:06:00,"Laut Selatan Jawa, Barat Daya Lumajang",2.88,435.0,2.5324528217315674,0.0,0.737217366695404,False
2024-07-11 20:27:00,Banyuwangi,2.66,678.0,5.043400287628174,0.0,1.104447841644287,False
2024-07-11 21:02:00,Banyuwangi,6.41,120.0,5.40250825881958,0.0,1.0074210166931152,False
2024-07-13 15:11:00,"Pasuruan, Jawa Timur",6.57,674.0,1.1851023435592651,0.0,0.9913228750228882,False
2024-07-13 23:47:00,Laut Jawa Timur,7.69,576.0,1.6250146627426147,0.0,0.8474884033203125,False
2024-07-14 09:53:00,"Probolinggo, Jawa Timur",2.7,70.0,1.2279143333435059,0.0,0.6046122312545776,False
2024-07-15 00:43:00,Laut Jawa Timur,7.35,373.0,3.5161848068237305,0.0,1.081472635269165,False
2024-07-15 13:51:00,"Laut Selatan Jawa, Barat Daya Lumajang",6.89,463.0,1.3920356035232544,0.0,0.9854042530059814,False
2024-07-16 09:55:00,Laut Jawa Timur,5.02,376.0,8.116008758544922,0.0,1.1112792491912842,False
2024-07-16 10:41:00,"Pasuruan, Jawa Timur",6.07,469.0,0.9046592712402344,0.0,1.353487253189087,False
2024-07-17 21:53:00,"Laut Jawa, Barat Daya Probolinggo",6.09,305.0,2.3951854705810547,0.0,0.91953045129776,False
2024-07-18 12:34:00,"Laut Jawa, Barat Daya Probolinggo",7.67,193.0,0.9842355251312256,0.0,0.891992449760437,False
2024-07-18 14:47:00,"Probolinggo, Jawa Timur",5.4,616.0,2.7951278686523438,0.0,0.9071862101554871,False
2024-07-19 05:02:00,Lumajang,2.58,48.0,1.9523544311523438,0.0,0.8589986562728882,False
2024-07-19 14:51:00,"Pasuruan, Jawa Timur",3.06,357.0,1.0717947483062744,0.0,0.7080110907554626,False
2024-07-19 15:03:00,"Banyuwangi, Jawa Timur",7.78,285.0,5.5668439865112305,0.0,0.770781397819519,False
2024-07-20 09:12:00,"Laut Selatan Jawa, Barat Daya Lumajang",5.7,319.0,2.470273733139038,0.0,1.0103472471237183,False
2024-07-21 06:57:00,Laut Jawa Timur,4.85,296.0,13.512170791625977,0.0,0.9265104532241821,False
2024-07-22 03:57:00,Laut Jawa Timur,5.66,692.0,9.508892059326172,0.0,1.0694527626037598,False
2024-07-22 21:17:00,"Pasuruan, Jawa Timur",2.3,68.0,1.153132677078247,0.0,1.0682488679885864,False
2024-07-23 03:20:00,"Banyuwangi, Jawa Timur",5.72,109.0,5.1507792472839355,0.0,1.1639970541000366,False
2024-07-23 11:37:00,"Banyuwangi, Jawa Timur",2.08,71.0,4.77778434753418,0.0,1.6147892475128174,False
2024-07-24 18:53:00,"Laut Selatan Jawa, Barat Daya Lumajang",4.69,620.0,0.7071725130081177,0.0,0.8892516493797302,False
2024-07-25 18:44:00,"Laut Jawa, Barat Daya Probolinggo",2.9,496.0,2.2117815017700195,0.0,0.8552674651145935,False
2024-07-27 01:12:00,"Laut Jawa, Barat Daya Probolinggo",2.89,630.0,0.9077536463737488,0.0,0.792019248008728,False
2024-07-28 17:41:00,"Probolinggo, Jawa Timur",3.08,510.0,0.9793018698692322,0.0,0.5611639022827148,False
2024-08-01 08:40:00,"Laut Selatan Jawa, Barat Daya Lumajang",6.57,316.0,1.04312002658844,0.0,0.49559321999549866,False
2024-08-01 19:25:00,Lumajang,5.78,430.0,0.46126556396484375,0.0,0.5918535590171814,False
2024-08-02 02:46:00,"Laut Selatan Jawa, Barat Daya Lumajang",3.43,551.0,1.56596839427948,0.0,0.7109448313713074,False
2024-08-04 07:13:00,"Laut Jawa, Barat Daya Probolinggo",2.76,384.0,0.7727727890014648,0.0,0.7808787822723389,False
2024-08-04 07:54:00,Laut Jawa Timur,2.33,643.0,3.0940158367156982,0.0,0.7346475124359131,False
2024-08-04 22:54:00,"Laut Selatan Jawa, Barat Daya Lumajang",4.98,537.0,0.6701711416244507,0.0,0.7522968649864197,False
2024-08-05 03:52:00,Lumajang,5.17,528.0,0.520453155040741,0.0,0.8260745406150818,False
2024-08-05 05:15:00,Banyuwangi,2.38,335.0,6.370201587677002,0.0,0.7777122855186462,False
2024-08-05 07:49:00,Banyuwangi,3.85,117.0,7.480884075164795,0.0,0.5936959981918335,False
2024-08-06 07:53:00,"Laut Jawa, Barat Daya Probolinggo",4.18,171.0,0.7040461301803589,0.0,0.6425568461418152,False
2024-08-06 13:56:00,"Laut Jawa, Barat Daya Probolinggo",7.46,551.0,0.9763774871826172,0.0,0.5675570368766785,False
2024-08-07 01:30:00,Lumajang,3.69,378.0,0.6328352689743042,0.0,0.7082777619361877,False
2024-08-08 23:13:00,"Laut Jawa, Barat Daya Probolinggo",2.28,308.0,1.0777817964553833,0.0,0.6956021785736084,False
2024-08-09 09:02:00,"Malang, Jawa Timur",7.6,232.0,4.787140846252441,0.0,0.7773562669754028,False
2024-08-09 14:33:00,"Laut Jawa, Barat Daya Probolinggo",2.49,659.0,0.451168417930603,0.0,0.6431165933609009,False
2024-08-09 21:43:00,Laut Jawa Timur,3.27,46.0,10.988764762878418,0.0,0.7430810332298279,False
2024-08-09 23:02:00,"Probolinggo, Jawa Timur",4.39,692.0,0.8234925866127014,0.0,0.7460678815841675,False
2024-08-10 06:32:00,"Malang, Jawa Timur",6.04,489.0,3.709376096725464,0.0,0.965408444404602,False
2024-08-10 08:23:00,"Probolinggo, Jawa Timur",3.75,259.0,1.8283944129943848,0.0,0.9475725889205933,False
2024-08-12 10:52:00,"Banyuwangi, Jawa Timur",2.93,627.0,5.746892929077148,0.0,1.1118991374969482,False
2024-08-13 04:50:00,"Laut Selatan Jawa, Barat Daya Lumajang",3.29,12.0,2.2616257667541504,0.0,0.848391592502594,False
2024-08-13 23:19:00,"Laut Jawa, Barat Daya Probolinggo",2.6,69.0,2.5882344245910645,0.0,1.2612266540527344,False
2024-08-14 08:26:00,Laut Jawa Timur,6.13,421.0,6.046624183654785,0.0,1.1431713104248047,False
2024-08-14 14:01:00,"Laut Selatan Jawa, Barat Daya Lumajang",5.98,694.0,2.302009105682373,0.0,1.0477341413497925,False
2024-08-14 18:05:00,Laut Jawa Timur,3.39,250.0,0.576299786567688,0.0,1.0323576927185059,False
2024-08-15 05:09:00,"Pasuruan, Jawa Timur",3.48,350.0,0.700126051902771,0.0,1.2309319972991943,False
2024-08-15 19:59:00,"Banyuwangi, Jawa Timur",2.17,564.0,4.151460647583008,0.0,1.4652957916259766,False
2024-08-15 21:13:00,Banyuwangi,4.0,521.0,4.428062915802002,0.0,1.3880515098571777,False
2024-08-16 00:14:00,Banyuwangi,2.67,607.0,4.0529985427856445,0.0,1.2402431964874268,False
2024-08-16 08:46:00,Laut Jawa Timur,4.97,316.0,1.7187209129333496,0.0,1.3723646402359009,False
2024-08-16 12:49:00,Laut Jawa Timur,2.4,438.0,1.7203236818313599,0.0,1.1296751499176025,False
2024-08-16 21:12:00,"Laut Selatan Jawa, Barat Daya Lumajang",5.97,421.0,2.0301384925842285,0.0,0.9456301331520081,False
2024-08-17 12:54:00,"Banyuwangi, Jawa Timur",6.43,17.0,5.47813606262207,0.0,0.869739830493927,False
2024-08-18 02:33:00,"Laut Selatan Jawa, Barat Daya Lumajang",3.49,340.0,2.089165210723877,0.0,1.0111331939697266,False
2024-08-19 17:39:00,"Malang, Jawa Timur",7.13,364.0,1.9225012063980103,0.0,0.9464700222015381,False
2024-08-19 18:47:00,"Laut Selatan Jawa, Barat Daya Lumajang",6.27,241.0,2.321115732192993,0.0,1.0461695194244385,False
2024-08-19 22:02:00,"Probolinggo, Jawa Timur",3.89,126.0,3.2931954860687256,0.0,0.9091655015945435,False
2024-08-20 12:00:00,"Laut Jawa, Barat Daya Probolinggo",7.48,474.0,2.8327202796936035,0.0,0.8717208504676819,False
2024-08-21 22:14:00,"Probolinggo, Jawa Timur",7.67,333.0,3.3657467365264893,0.0,0.7788875102996826,False
2024-08-21 22:24:00,"Malang, Jawa Timur",7.62,36.0,1.883740782737732,0.0,1.0461393594741821,False
2024-08-22 00:31:00,Lumajang,3.57,56.0,2.7305262088775635,0.0,0.9450747966766357,False
2024-08-22 01:01:00,"Pasuruan, Jawa Timur",6.04,507.0,0.5215052366256714,0.0,1.1234021186828613,False
2024-08-22 18:32:00,Banyuwangi,7.37,643.0,4.185544013977051,0.0,0.9544168710708618,False
2024-08-23 04:23:00,"Malang, Jawa Timur",7.17,327.0,3.3784382343292236,0.0,0.9450982809066772,False
2024-08-23 16:09:00,Laut Jawa Timur,4.26,657.0,4.921403884887695,0.0,0.8916782736778259,False
2024-08-23 16:33:00,"Laut Selatan Jawa, Barat Daya Lumajang",4.93,547.0,2.2442593574523926,0.0,0.8171414732933044,False
2024-08-24 13:17:00,"Laut Selatan Jawa, Barat Daya Lumajang",3.99,8.0,1.772937536239624,0.0,0.8934422731399536,False
2024-08-24 15:21:00,"Malang, Jawa Timur",4.58,640.0,3.038240909576416,0.0,0.8739972710609436,False
2024-08-24 20:56:00,Banyuwangi,2.94,33.0,5.7494282722473145,0.0,0.9575614929199219,False
2024-08-25 03:14:00,Lumajang,8.0,667.0,3.5213611125946045,0.0,1.118458867073059,False
2024-08-25 21:19:00,"Banyuwangi, Jawa Timur",5.79,246.0,4.608626842498779,0.0,1.3267254829406738,False
2024-08-26 09:47:00,Banyuwangi,5.83,478.0,4.928942680358887,0.0,1.2117277383804321,False
2024-09-01 03:14:00,Lumajang,7.96,60.0,2.9602978229522705,0.0,0.6312932372093201,False
2024-09-01 09:14:00,"Probolinggo, Jawa Timur",6.57,130.0,0.7253893613815308,0.0,0.7307240962982178,False
2024-09-01 15:41:00,"Laut Jawa, Barat Daya Probolinggo",5.9,428.0,1.3018498420715332,0.0,0.7644773125648499,False
2024-09-01 19:28:00,"Malang, Jawa Timur",6.17,155.0,2.626828908920288,0.0,1.0758739709854126,False
2024-09-01 22:52:00,"Probolinggo, Jawa Timur",3.86,46.0,2.4583358764648438,0.0,1.0561703443527222,False
2024-09-03 00:52:00,"Banyuwangi, Jawa Timur",3.97,15.0,6.2214131355285645,0.0,1.0169901847839355,False
2024-09-03 12:50:00,"Laut Jawa, Barat Daya Probolinggo",2.26,700.0,1.4160220623016357,0.0,0.9483871459960938,False
2024-09-04 06:49:00,"Laut Selatan Jawa, Barat Daya Lumajang",6.72,272.0,1.12065589427948,0.0,0.8513206243515015,False
2024-09-04 08:54:00,"Banyuwangi, Jawa Timur",5.25,198.0,6.771337509155273,0.0,0.9001708626747131,False
2024-09-04 10:33:00,"Laut Selatan Jawa, Barat Daya Lumajang",6.5,640.0,0.8506566286087036,0.0,0.6142379641532898,False
2024-09-04 20:59:00,Banyuwangi,3.25,124.0,5.594801902770996,0.0,0.8525534272193909,False
2024-09-04 22:35:00,"Malang, Jawa Timur",3.45,254.0,4.057555198669434,0.0,0.7909961342811584,False
2024-09-06 02:52:00,Lumajang,6.18,376.0,0.7331774830818176,0.0,0.8249394297599792,False
2024-09-06 13:24:00,"Probolinggo, Jawa Timur",4.35,366.0,0.7832382917404175,0.0,0.9332489371299744,False
2024-09-06 21:39:00,Laut Jawa Timur,7.56,593.0,1.1766194105148315,0.0,0.8482668995857239,False
2024-09-06 23:33:00,Banyuwangi,3.02,447.0,6.715377330780029,0.0,0.8239054083824158,False
2024-09-07 03:40:00,"Laut Jawa, Barat Daya Probolinggo",6.65,388.0,0.774695634841919,0.0,0.6136770248413086,False
2024-09-07 05:04:00,"Laut Jawa, Barat Daya Probolinggo",5.29,244.0,2.085731029510498,0.0,0.8537440896034241,False
2024-09-07 10:34:00,"Probolinggo, Jawa Timur",3.6,165.0,2.8304266929626465,0.0,1.0702097415924072,False
2024-09-07 14:11:00,"Banyuwangi, Jawa Timur",6.89,437.0,5.173917293548584,0.0,0.9110678434371948,False
2024-09-07 15:31:00,"Laut Jawa, Barat Daya Probolinggo",6.04,57.0,2.0865767002105713,0.0,0.8439599275588989,False
2024-09-07 20:39:00,"Banyuwangi, Jawa Timur",4.16,137.0,6.57291841506958,0.0,0.7802752256393433,False
2024-09-08 03:02:00,"Laut Jawa, Barat Daya Probolinggo",2.39,80.0,2.1051294803619385,0.0,0.8525447845458984,False
2024-09-08 13:01:00,"Probolinggo, Jawa Timur",7.39,657.0,3.388591766357422,0.0,1.0103931427001953,False
2024-09-09 00:12:00,"Pasuruan, Jawa Timur",2.03,282.0,1.2735213041305542,0.0,1.0431702136993408,False
2024-09-09 05:10:00,"Pasuruan, Jawa Timur",3.45,635.0,0.694610595703125,0.0,1.1237648725509644,False
2024-09-09 06:15:00,Lumajang,4.8,486.0,3.3097825050354004,0.0,0.91070556640625,False
2024-09-09 06:26:00,Laut Jawa Timur,7.85,443.0,9.547262191772461,0.0,1.0354347229003906,False
2024-09-09 11:53:00,Banyuwangi,5.41,456.0,3.988994598388672,0.0,1.1733360290527344,False
2024-09-09 16:10:00,"Pasuruan, Jawa Timur",5.18,575.0,0.782957136631012,0.0,0.9786195158958435,False
2024-09-09 16:36:00,"Banyuwangi, Jawa Timur",5.44,174.0,3.905759334564209,0.0,0.9066203236579895,False
2024-09-09 23:17:00,"Pasuruan, Jawa Timur",2.71,442.0,1.362288236618042,0.0,1.3501650094985962,False
2024-09-10 05:18:00,"Pasuruan, Jawa Timur",2.67,55.0,1.464325189590454,0.0,1.650920033454895,False
2024-09-11 00:15:00,Banyuwangi,7.53,98.0,4.326931953430176,0.0,1.1054706573486328,False
2024-09-11 05:33:00,Banyuwangi,2.65,8.0,3.7853240966796875,0.0,1.0586013793945312,False
2024-09-11 16:26:00,"Banyuwangi, Jawa Timur",5.57,97.0,3.6792426109313965,0.0,1.1753758192062378,False
2024-09-11 17:04:00,"Laut Jawa, Barat Daya Probolinggo",2.2,496.0,4.025932312011719,0.0,1.2271195650100708,False
2024-09-12 17:58:00,Banyuwangi,7.29,238.0,4.159215450286865,0.0,1.286713719367981,False
2024-09-12 20:23:00,"Pasuruan, Jawa Timur",2.56,498.0,1.2912065982818604,0.0,1.2804425954818726,False
2024-09-13 07:39:00,Lumajang,3.67,631.0,5.113004207611084,0.0,0.9113903045654297,False
2024-09-13 08:04:00,"Probolinggo, Jawa Timur",2.83,240.0,5.5780558586120605,0.0,1.1420035362243652,False
2024-09-13 23:02:00,Lumajang,7.51,601.0,5.9536027908325195,0.0,1.3824355602264404,False
2024-09-15 03:14:00,Laut Jawa Timur,7.2,480.0,6.536852836608887,0.0,1.6306504011154175,False
2024-09-15 10:15:00,Banyuwangi,2.99,226.0,2.9509942531585693,0.0,1.8124773502349854,False
2024-09-15 23:12:00,"Probolinggo, Jawa Timur",5.21,258.0,5.200256824493408,0.0,0.9596182703971863,False
2024-09-16 19:27:00,"Malang, Jawa Timur",7.07,101.0,1.1151586771011353,0.0,1.3923465013504028,False
2024-09-17 05:58:00,"Malang, Jawa Timur",5.54,143.0,1.5522123575210571,0.0,1.1686465740203857,False
2024-09-17 21:53:00,"Laut Selatan Jawa, Barat Daya Lumajang",7.06,93.0,5.6933441162109375,0.0,1.2084654569625854,False
2024-09-18 10:54:00,Banyuwangi,6.89,499.0,3.1651182174682617,0.0,1.262908697128296,False
2024-09-19 08:16:00,Laut Jawa Timur,3.28,578.0,6.063144207000732,0.0,1.5464369058609009,False
2024-09-19 08:34:00,"Laut Selatan Jawa, Barat Daya Lumajang",7.26,421.0,4.991878986358643,0.0,1.4797812700271606,False
2024-09-19 18:08:00,"Probolinggo, Jawa Timur",3.6,108.0,4.6564836502075195,0.0,1.404839038848877,False
2024-09-19 19:16:00,Lumajang,5.49,79.0,4.017563819885254,0.0,1.378111481666565,False
2024-09-19 23:53:00,"Laut Selatan Jawa, Barat Daya Lumajang",4.81,264.0,4.178686618804932,0.0,1.3086445331573486,False
2024-09-20 00:00:00,"Pasuruan, Jawa Timur",5.0,398.0,1.7106044292449951,0.0,1.224157691001892,False
2024-09-20 00:40:00,Banyuwangi,2.06,369.0,4.62130069732666,0.0,1.2178772687911987,False
2024-09-22 17:48:00,Banyuwangi,4.62,82.0,4.0875959396362305,0.0,1.3392637968063354,False
2024-09-23 16:18:00,"Banyuwangi, Jawa Timur",5.93,23.0,3.0596330165863037,0.0,1.019893765449524,False
2024-09-24 05:55:00,Lumajang,3.03,637.0,1.207063913345337,0.0,0.7654657959938049,False
2024-09-24 22:33:00,"Pasuruan, Jawa Timur",7.29,539.0,1.2450436353683472,0.0,0.8926318883895874,False
2024-09-26 11:24:00,"Laut Jawa, Barat Daya Probolinggo",6.84,60.0,0.8199738264083862,0.0,0.5096064209938049,False
2024-09-28 00:37:00,"Malang, Jawa Timur",5.83,88.0,3.540069580078125,0.0,0.7698782682418823,False
2024-10-01 17:26:00,Laut Jawa Timur,6.87,69.0,5.21955680847168,0.0,0.8197404146194458,False
2024-10-02 06:05:00,Laut Jawa Timur,4.75,624.0,1.859811782836914,0.0,0.6226943135261536,False
2024-10-02 17:27:00,"Laut Jawa, Barat Daya Probolinggo",3.36,532.0,0.5855172872543335,0.0,0.4862234890460968,False
2024-10-02 18:08:00,"Banyuwangi, Jawa Timur",2.29,317.0,7.446173667907715,0.0,0.7747029662132263,False
2024-10-03 09:54:00,Lumajang,5.08,623.0,0.761711061000824,0.0,0.7649475932121277,False
2024-10-03 17:40:00,"Probolinggo, Jawa Timur",5.85,106.0,0.4694807231426239,0.0,0.7270727753639221,False
2024-10-03 19:32:00,"Pasuruan, Jawa Timur",5.07,211.0,2.145744562149048,0.0,0.6257494688034058,False
2024-10-03 22:48:00,Laut Jawa Timur,3.79,672.0,6.779121398925781,0.0,0.9371967315673828,False
2024-10-04 05:35:00,Laut Jawa Timur,4.92,255.0,10.515134811401367,0.0,0.740821897983551,False
2024-10-04 16:39:00,"Probolinggo, Jawa Timur",5.02,455.0,0.5495565533638,0.0,0.7250316143035889,False
2024-10-04 21:43:00,"Laut Jawa, Barat Daya Probolinggo",2.69,686.0,1.0276774168014526,0.0,0.6974521279335022,False
2024-10-06 16:12:00,Lumajang,6.5,591.0,0.8050532937049866,0.0,0.6821082234382629,False
2024-10-07 03:04:00,Banyuwangi,5.11,105.0,5.704437732696533,0.0,0.7968297600746155,False
2024-10-07 08:27:00,Lumajang,7.96,237.0,1.0169742107391357,0.0,0.6843394041061401,False
2024-10-08 01:10:00,Laut Jawa Timur,7.35,389.0,0.7128662467002869,0.0,0.7882360219955444,False
2024-10-08 04:47:00,"Laut Selatan Jawa, Barat Daya Lumajang",6.78,434.0,2.2288687229156494,0.0,0.7003968358039856,False
2024-10-08 09:23:00,"Laut Jawa, Barat Daya Probolinggo",2.34,266.0,2.4780690670013428,0.0,0.9734166860580444,False
2024-10-09 06:03:00,"Pasuruan, Jawa Timur",5.45,137.0,1.5156683921813965,0.0,0.7712021470069885,False
2024-10-09 08:59:00,"Laut Jawa, Barat Daya Probolinggo",4.02,400.0,1.8069870471954346,0.0,1.1811838150024414,False
2024-10-09 11:31:00,"Laut Jawa, Barat Daya Probolinggo",7.47,455.0,3.1075973510742188,0.0,1.2595877647399902,False
2024-10-10 11:29:00,"Banyuwangi, Jawa Timur",5.73,204.0,3.9982829093933105,0.0,1.4399164915084839,False
2024-10-11 05:13:00,"Laut Jawa, Barat Daya Probolinggo",5.3,547.0,3.7870984077453613,0.0,1.4200032949447632,False
2024-10-11 22:23:00,"Pasuruan, Jawa Timur",3.17,625.0,0.9015538096427917,0.0,1.6753672361373901,False
2024-10-12 20:08:00,"Laut Selatan Jawa, Barat Daya Lumajang",6.54,13.0,3.5048887729644775,0.0,1.3916598558425903,False
2024-10-13 13:41:00,Banyuwangi,4.64,331.0,5.789246082305908,0.0,0.9637868404388428,False
2024-10-14 16:17:00,Banyuwangi,3.64,180.0,6.463013172149658,0.0,1.0240118503570557,False
2024-10-16 01:41:00,Lumajang,2.17,414.0,1.087234377861023,0.0,0.7299550175666809,False
2024-10-16 03:44:00,Lumajang,5.17,667.0,1.7451834678649902,0.0,0.9617620706558228,False
2024-10-16 09:50:00,Banyuwangi,5.21,294.0,5.717608451843262,0.0,0.758542001247406,False
2024-10-16 10:36:00,"Banyuwangi, Jawa Timur",5.18,434.0,6.026122093200684,0.0,0.7936677932739258,False
2024-10-17 02:31:00,"Banyuwangi, Jawa Timur",2.84,476.0,6.942577838897705,0.0,0.7549523711204529,False
2024-10-17 12:46:00,"Probolinggo, Jawa Timur",6.87,495.0,0.8210842609405518,0.0,0.741197943687439,False
2024-10-17 21:17:00,Banyuwangi,7.91,628.0,5.826081275939941,0.0,0.9716414213180542,False
2024-10-18 15:58:00,"Probolinggo, Jawa Timur",7.66,420.0,1.7586947679519653,0.0,1.054648756980896,False
2024-10-19 10:22:00,"Laut Selatan Jawa, Barat Daya Lumajang",6.85,403.0,4.179745674133301,0.0,0.8783115148544312,False
2024-10-19 22:36:00,"Pasuruan, Jawa Timur",5.24,517.0,0.4402916729450226,0.0,1.1042349338531494,False
2024-10-20 03:04:00,"Laut Jawa, Barat Daya Probolinggo",4.09,509.0,3.3575963973999023,0.0,1.0988819599151611,False
2024-10-20 05:55:00,"Pasuruan, Jawa Timur",5.98,84.0,0.5465427041053772,0.0,1.149235486984253,False
2024-10-20 20:28:00,"Probolinggo, Jawa Timur",3.43,526.0,3.210005283355713,0.0,1.1264907121658325,False
2024-10-21 01:00:00,"Pasuruan, Jawa Timur",2.72,497.0,0.7993381023406982,0.0,1.082634449005127,False
2024-10-21 02:13:00,"Banyuwangi, Jawa Timur",7.01,407.0,5.416739463806152,0.0,0.9203925728797913,False
2024-10-21 20:50:00,"Laut Selatan Jawa, Barat Daya Lumajang",6.12,632.0,2.407957077026367,0.0,0.8186057209968567,False
2024-10-22 06:12:00,"Probolinggo, Jawa Timur",6.45,475.0,2.836669921875,0.0,1.04323148727417,False
2024-10-22 09:19:00,Laut Jawa Timur,5.41,575.0,8.31348991394043,0.0,1.334831953048706,False
2024-10-24 04:49:00,Banyuwangi,3.13,75.0,4.5470685958862305,0.0,0.9947831034660339,False
2024-10-24 12:33:00,"Malang, Jawa Timur",5.02,655.0,3.080904722213745,0.0,0.8127933144569397,False
2024-10-24 19:24:00,"Laut Selatan Jawa, Barat Daya Lumajang",4.8,383.0,1.9830979108810425,0.0,0.7187147736549377,False
2024-10-25 07:20:00,"Malang, Jawa Timur",6.48,360.0,3.1102588176727295,0.0,0.9741431474685669,False
2024-10-25 08:05:00,"Banyuwangi, Jawa Timur",7.33,360.0,6.8486738204956055,0.0,0.7968587279319763,False
2024-10-25 20:29:00,"Malang, Jawa Timur",2.5,268.0,3.2929437160491943,0.0,0.9826604127883911,False
2024-10-26 14:44:00,Laut Jawa Timur,6.62,696.0,13.285700798034668,0.0,0.8271600008010864,False
2024-10-26 17:48:00,Banyuwangi,7.77,211.0,7.231534481048584,0.0,0.6864840984344482,False
2024-10-27 12:15:00,"Laut Jawa, Barat Daya Probolinggo",5.61,572.0,1.3229645490646362,0.0,0.798760712146759,False
2024-11-01 08:34:00,"Laut Selatan Jawa, Barat Daya Lumajang",4.15,574.0,3.565166711807251,0.0,0.9727542400360107,False
2024-11-02 15:09:00,"Pasuruan, Jawa Timur",5.26,6.0,1.9911974668502808,0.0,0.8253498077392578,False
2024-11-03 05:19:00,"Laut Selatan Jawa, Barat Daya Lumajang",6.34,631.0,1.8032126426696777,0.0,0.8838066458702087,False
2024-11-04 05:14:00,Banyuwangi,2.18,1.0,8.091034889221191,0.0,0.6847163438796997,False
2024-11-04 08:40:00,"Laut Selatan Jawa, Barat Daya Lumajang",7.87,380.0,0.928158700466156,0.0,0.7950496673583984,False
2024-11-04 16:37:00,Laut Jawa Timur,4.04,605.0,4.150094509124756,0.0,0.9067429304122925,False
2024-11-04 20:53:00,"Laut Selatan Jawa, Barat Daya Lumajang",6.16,486.0,1.9771300554275513,0.0,0.9333042502403259,False
2024-11-05 06:30:00,"Pasuruan, Jawa Timur",2.07,620.0,2.5125653743743896,0.0,1.0430638790130615,False
2024-11-05 13:48:00,"Pasuruan, Jawa Timur",4.33,123.0,2.2791707515716553,0.0,0.6276347041130066,False
2024-11-05 17:55:00,"Laut Selatan Jawa, Barat Daya Lumajang",6.63,414.0,2.3196370601654053,0.0,0.9160184264183044,False
2024-11-06 05:02:00,"Probolinggo, Jawa Timur",7.5,209.0,1.6838984489440918,0.0,0.8994900584220886,False
2024-11-06 09:41:00,Laut Jawa Timur,6.16,258.0,12.385526657104492,0.0,0.8747254014015198,False
2024-11-06 11:09:00,Lumajang,2.62,590.0,0.9786423444747925,0.0,0.6812456846237183,False
2024-11-06 12:30:00,"Banyuwangi, Jawa Timur",7.79,412.0,6.112728595733643,0.0,0.7144887447357178,False
2024-11-06 16:14:00,"Laut Selatan Jawa, Barat Daya Lumajang",6.18,276.0,1.0301181077957153,0.0,0.6888335347175598,False
2024-11-06 23:17:00,"Pasuruan, Jawa Timur",7.95,583.0,1.9927802085876465,0.0,1.2429522275924683,False
2024-11-07 11:15:00,Laut Jawa Timur,6.11,391.0,5.9800872802734375,0.0,1.1694546937942505,False
2024-11-07 17:04:00,"Probolinggo, Jawa Timur",4.13,306.0,2.8295810222625732,0.0,1.2923017740249634,False
2024-11-07 17:48:00,"Probolinggo, Jawa Timur",7.14,458.0,3.1030404567718506,0.0,1.3508614301681519,False
2024-11-07 23:29:00,"Malang, Jawa Timur",5.66,581.0,1.0660974979400635,0.0,1.3875808715820312,False
2024-11-08 01:06:00,"Pasuruan, Jawa Timur",4.24,162.0,1.3804469108581543,0.0,1.4470511674880981,False
2024-11-08 06:08:00,"Laut Selatan Jawa, Barat Daya Lumajang",6.31,226.0,2.1642932891845703,0.0,1.4973137378692627,False
2024-11-08 10:42:00,Laut Jawa Timur,3.84,34.0,8.950332641601562,0.0,1.0121783018112183,False
2024-11-08 17:30:00,"Malang, Jawa Timur",2.19,390.0,3.5608904361724854,0.0,1.0135172605514526,False
2024-11-08 22:41:00,"Probolinggo, Jawa Timur",3.13,513.0,3.0084683895111084,0.0,0.7867318391799927,False
2024-11-09 02:26:00,Lumajang,3.67,283.0,2.95477557182312,0.0,1.3365416526794434,False
2024-11-11 16:51:00,Lumajang,5.98,616.0,2.353421926498413,0.0,1.0036648511886597,False
2024-11-12 11:14:00,"Malang, Jawa Timur",7.26,384.0,4.139111518859863,0.0,1.0135198831558228,False
2024-11-13 23:42:00,Banyuwangi,4.25,10.0,6.0654754638671875,0.0,0.779388427734375,False
2024-11-14 19:45:00,"Probolinggo, Jawa Timur",4.67,611.0,1.2462401390075684,0.0,0.9654546976089478,False
2024-11-15 11:10:00,Banyuwangi,7.86,338.0,5.647425651550293,0.0,0.9725253582000732,False
2024-11-15 20:42:00,"Malang, Jawa Timur",3.83,678.0,3.888319253921509,0.0,0.9348006844520569,False
2024-11-16 23:29:00,"Banyuwangi, Jawa Timur",7.56,94.0,7.320396900177002,0.0,0.7775083780288696,False
2024-11-17 21:33:00,Lumajang,7.38,538.0,2.6846745014190674,0.0,0.8496218323707581,False
2024-11-18 05:26:00,Lumajang,7.87,387.0,3.6432392597198486,0.0,0.7747424244880676,False
2024-11-18 10:38:00,"Laut Selatan Jawa, Barat Daya Lumajang",5.03,238.0,3.671806812286377,0.0,1.1948087215423584,False
2024-11-18 17:26:00,Lumajang,7.97,466.0,3.9074995517730713,0.0,1.2911218404769897,False
2024-11-19 04:00:00,"Probolinggo, Jawa Timur",2.3,349.0,3.7696046829223633,0.0,1.3807201385498047,False
2024-11-19 08:13:00,Laut Jawa Timur,7.45,222.0,3.875,0.0,1.1842068433761597,False
2024-11-19 09:30:00,Banyuwangi,5.11,644.0,2.5759472846984863,0.0,1.2675058841705322,False
2024-11-19 23:20:00,"Banyuwangi, Jawa Timur",5.28,98.0,3.26943039894104,0.0,1.5610806941986084,False
2024-11-21 02:00:00,"Pasuruan, Jawa Timur",4.66,355.0,3.6054747104644775,0.0,1.3299134969711304,False
2024-11-21 14:15:00,Banyuwangi,2.37,609.0,3.748774290084839,0.0,1.3624032735824585,False
2024-11-22 02:10:00,"Probolinggo, Jawa Timur",4.94,444.0,3.444756031036377,0.0,1.2072784900665283,False
2024-11-23 18:22:00,"Banyuwangi, Jawa Timur",5.04,248.0,5.155712604522705,0.0,0.9316233396530151,False
2024-11-25 18:19:00,Lumajang,5.2,456.0,2.112894296646118,0.0,1.094633936882019,False
2024-11-26 12:23:00,Laut Jawa Timur,2.08,550.0,9.209563255310059,0.0,0.8965832591056824,False
2024-11-27 00:16:00,Lumajang,3.64,124.0,0.7348413467407227,0.0,0.9827258586883545,False
2024-11-27 03:34:00,Banyuwangi,2.61,136.0,7.298850059509277,0.0,0.7462998032569885,False
2024-11-27 05:00:00,Lumajang,5.36,1.0,1.6681510210037231,0.0,0.9649445414543152,False
2024-11-27 05:17:00,"Malang, Jawa Timur",3.24,177.0,2.7217249870300293,0.0,0.9200559854507446,False
2024-11-28 11:34:00,"Pasuruan, Jawa Timur",4.49,193.0,1.849151849746704,0.0,0.900436282157898,False
2024-11-28 19:37:00,Banyuwangi,3.83,139.0,5.431025505065918,0.0,0.7863675355911255,False
2024-12-01 06:52:00,"Probolinggo, Jawa Timur",3.65,99.0,3.003168821334839,0.0,0.8567535877227783,False
2024-12-01 15:13:00,"Pasuruan, Jawa Timur",4.91,8.0,1.2395572662353516,0.0,1.0490258932113647,False
2024-12-02 02:53:00,"Malang, Jawa Timur",5.47,591.0,3.5736083984375,0.0,0.796260416507721,False
2024-12-02 09:01:00,"Probolinggo, Jawa Timur",7.89,31.0,1.0813459157943726,0.0,0.8696755766868591,False
2024-12-02 16:42:00,Laut Jawa Timur,7.4,39.0,9.124929428100586,0.0,1.1548832654953003,False
2024-12-02 21:53:00,"Pasuruan, Jawa Timur",6.52,330.0,1.8867533206939697,0.0,1.2892296314239502,False
2024-12-03 15:12:00,"Banyuwangi, Jawa Timur",2.1,465.0,5.440195083618164,0.0,0.9841138124465942,False
2024-12-05 00:45:00,"Banyuwangi, Jawa Timur",7.34,170.0,6.123547077178955,0.0,1.0656895637512207,False
2024-12-05 11:04:00,"Probolinggo, Jawa Timur",2.9,352.0,2.2796852588653564,0.0,0.7849441170692444,False
2024-12-06 00:23:00,"Laut Selatan Jawa, Barat Daya Lumajang",6.6,429.0,4.317326068878174,0.0,1.1010563373565674,False
2024-12-06 02:12:00,"Laut Selatan Jawa, Barat Daya Lumajang",5.58,537.0,4.264883041381836,0.0,1.2500660419464111,False
2024-12-06 16:04:00,"Pasuruan, Jawa Timur",7.49,582.0,1.2773710489273071,0.0,1.1583868265151978,False
2024-12-07 18:43:00,Banyuwangi,3.71,544.0,3.3796210289001465,0.0,1.1364898681640625,False
2024-12-08 20:49:00,"Laut Jawa, Barat Daya Probolinggo",4.28,2.0,3.626093864440918,0.0,1.1794148683547974,False
2024-12-11 06:17:00,"Banyuwangi, Jawa Timur",3.4,690.0,4.939480304718018,0.0,1.4040591716766357,False
2024-12-11 07:58:00,"Laut Jawa, Barat Daya Probolinggo",2.27,377.0,4.975196361541748,0.0,1.1577625274658203,False
2024-12-11 09:18:00,"Laut Jawa, Barat Daya Probolinggo",2.62,54.0,6.327090263366699,0.0,1.1380776166915894,False
2024-12-11 15:19:00,Banyuwangi,2.01,603.0,3.398531198501587,0.0,1.7072352170944214,False
2024-12-11 21:50:00,"Banyuwangi, Jawa Timur",3.6,191.0,4.174705982208252,0.0,1.2697402238845825,False
2024-12-11 22:31:00,"Probolinggo, Jawa Timur",3.59,268.0,6.481524467468262,0.0,1.0308794975280762,False
2024-12-12 20:46:00,"Laut Selatan Jawa, Barat Daya Lumajang",5.25,372.0,4.885764122009277,0.0,1.132142424583435,False
2024-12-12 22:23:00,"Malang, Jawa Timur",2.05,431.0,1.9805773496627808,0.0,1.2452296018600464,False
2024-12-13 06:12:00,"Malang, Jawa Timur",4.98,21.0,1.7247498035430908,0.0,0.9464758634567261,False
2024-12-14 17:43:00,"Laut Jawa, Barat Daya Probolinggo",4.31,556.0,2.3622140884399414,0.0,0.9691025018692017,False
2024-12-15 01:57:00,Banyuwangi,8.0,240.0,4.451888084411621,0.0,1.4265751838684082,False
2024-12-15 09:58:00,"Malang, Jawa Timur",2.59,466.0,2.519275426864624,0.0,0.6801856756210327,False
2024-12-16 02:03:00,"Pasuruan, Jawa Timur",4.36,572.0,0.5431270003318787,0.0,0.8963791131973267,False
2024-12-16 02:50:00,Laut Jawa Timur,7.19,492.0,13.785801887512207,0.0,0.8894008994102478,False
2024-12-16 16:14:00,Laut Jawa Timur,7.76,250.0,11.877827644348145,0.0,1.2226026058197021,False
2024-12-16 18:38:00,"Pasuruan, Jawa Timur",7.83,260.0,1.4463260173797607,0.0,1.6494389772415161,False
2024-12-17 21:02:00,"Laut Jawa, Barat Daya Probolinggo",3.05,195.0,3.503401756286621,0.0,1.6134097576141357,False
2024-12-17 23:01:00,"Laut Selatan Jawa, Barat Daya Lumajang",6.13,278.0,3.381894111633301,0.0,1.5338020324707031,False
2024-12-18 10:04:00,Laut Jawa Timur,7.01,578.0,3.739316463470459,0.0,1.7788317203521729,False
2024-12-18 23:58:00,Lumajang,2.72,189.0,3.61134934425354,0.0,1.5544636249542236,False
2024-12-19 01:35:00,"Malang, Jawa Timur",5.26,15.0,1.2710902690887451,0.0,1.861830472946167,False
2024-12-19 05:57:00,Banyuwangi,4.93,584.0,2.4107205867767334,0.0,1.5204046964645386,False
2024-12-19 13:45:00,"Banyuwangi, Jawa Timur",5.53,181.0,3.313976526260376,0.0,1.5459562540054321,False
2024-12-19 19:32:00,"Laut Jawa, Barat Daya Probolinggo",3.45,418.0,5.016042709350586,0.0,1.3705291748046875,False
2024-12-20 06:50:00,"Banyuwangi, Jawa Timur",3.77,249.0,2.1845004558563232,0.0,1.4710780382156372,False
2024-12-20 16:41:00,"Pasuruan, Jawa Timur",6.63,120.0,2.7338955402374268,0.0,1.4692555665969849,False
2024-12-21 04:01:00,Laut Jawa Timur,5.49,361.0,4.808676242828369,0.0,1.2373542785644531,False
2024-12-21 09:59:00,"Laut Selatan Jawa, Barat Daya Lumajang",7.04,503.0,4.4801764488220215,0.0,1.2489221096038818,False
2024-12-22 14:20:00,"Banyuwangi, Jawa Timur",5.55,519.0,2.383749485015869,0.0,1.5361539125442505,False
2024-12-23 00:57:00,Lumajang,7.71,9.0,5.866196632385254,0.0,1.3743621110916138,False
2024-12-24 04:14:00,"Banyuwangi, Jawa Timur",6.61,518.0,3.673558235168457,0.0,1.1899384260177612,False
2024-12-25 09:46:00,"Laut Jawa, Barat Daya Probolinggo",5.17,566.0,3.6835520267486572,0.0,1.1617110967636108,False
2024-12-25 12:25:00,"Probolinggo, Jawa Timur",7.01,200.0,4.639266490936279,0.0,1.344130277633667,False
2024-12-26 13:21:00,"Banyuwangi, Jawa Timur",6.74,542.0,3.4402849674224854,0.0,1.312027096748352,False
2024-12-26 21:34:00,Laut Jawa Timur,6.33,622.0,4.54810905456543,0.0,0.9665796756744385,False
2024-12-27 03:27:00,"Malang, Jawa Timur",2.21,538.0,1.182610273361206,0.0,1.4846770763397217,False
2024-12-27 08:56:00,"Laut Jawa, Barat Daya Probolinggo",7.46,62.0,4.253139019012451,0.0,1.1082992553710938,False
2024-12-27 12:40:00,"Malang, Jawa Timur",3.58,17.0,1.3907341957092285,0.0,1.0671435594558716,False
2024-12-28 01:50:00,Lumajang,5.15,282.0,4.674530029296875,0.0,1.2382792234420776,False
2025-11-24 03:40:21,141 km BaratDaya KAB-BLITAR-JATIM,5.2,10.0,57.563194274902344,0.0,1.2164651155471802,False
