epoch,accuracy,dice_coef,iou_score,loss,val_accuracy,val_dice_coef,val_iou_score,val_loss
0,0.9197840094566345,0.33696451783180237,0.13570265471935272,0.21317748725414276,0.9332051277160645,0.13412189483642578,0.06304211914539337,0.2822171449661255
1,0.9681692719459534,0.658221423625946,0.31577062606811523,0.07423575967550278,0.534247875213623,0.18375416100025177,0.09177809953689575,0.6335097551345825
2,0.9722003936767578,0.7075824737548828,0.35518336296081543,0.06330720335245132,0.7872334718704224,0.295725554227829,0.15956562757492065,0.376811683177948
3,0.9741950035095215,0.7285038828849792,0.37410593032836914,0.05796033516526222,0.9252824783325195,0.49367424845695496,0.28218138217926025,0.16539044678211212
4,0.9742396473884583,0.7303257584571838,0.3753814399242401,0.05733026936650276,0.9647656679153442,0.6577140688896179,0.36594825983047485,0.09284478425979614
5,0.9741440415382385,0.7376824617385864,0.37833741307258606,0.05690716952085495,0.9727529883384705,0.7019867897033691,0.37111663818359375,0.07706766575574875
6,0.9742852449417114,0.7313103079795837,0.3760872185230255,0.05766328424215317,0.9687802791595459,0.7063747048377991,0.3840920925140381,0.09414570033550262
7,0.9749765992164612,0.7381267547607422,0.38030263781547546,0.055377230048179626,0.9741840362548828,0.7157168388366699,0.37752705812454224,0.07834333926439285
8,0.9757845401763916,0.7462643384933472,0.3856346905231476,0.053867585957050323,0.9727500677108765,0.7200526595115662,0.39088496565818787,0.09326572716236115
9,0.9756487011909485,0.745319664478302,0.3864435851573944,0.0539851151406765,0.976247251033783,0.7262237071990967,0.37349170446395874,0.08879762142896652
10,0.9754958152770996,0.7386298775672913,0.3833519220352173,0.054561011493206024,0.975684404373169,0.7228964567184448,0.3842305839061737,0.07949686795473099
0,0.14114432036876678,0.28431034088134766,0.9526462554931641,0.2463865727186203,0.3880815804004669,NA,NA,NA,NA,NA
1,0.06932268291711807,0.19812309741973877,1.0,0.024916352704167366,0.09429857134819031,NA,NA,NA,NA,NA
2,0.03400420397520065,0.14665639400482178,1.0,0.01053298357874155,0.0445941761136055,NA,NA,NA,NA,NA
3,0.022435368970036507,0.11640164256095886,1.0,0.007115161512047052,0.02959289588034153,NA,NA,NA,NA,NA
4,0.01428910531103611,0.09309933334589005,1.0,0.005795166827738285,0.02010311186313629,NA,NA,NA,NA,NA
5,0.00929844006896019,0.07705314457416534,1.0,0.003447054186835885,0.012751924805343151,NA,NA,NA,NA,NA
6,0.005959328729659319,0.061361584812402725,1.0,0.0024238857440650463,0.008388890884816647,NA,NA,NA,NA,NA
7,0.00439345370978117,0.051179882138967514,1.0,0.0016477755270898342,0.006044580601155758,NA,NA,NA,NA,NA
8,0.003118321532383561,0.04282306507229805,1.0,0.0013725035823881626,0.0044952076859772205,NA,NA,NA,NA,NA
9,0.0025889675598591566,0.03919248282909393,1.0,0.0009010779904201627,0.003493865951895714,NA,NA,NA,NA,NA
10,0.0017367542022839189,0.03219553083181381,1.0,0.000752725696656853,0.0024900855496525764,NA,NA,NA,NA,NA
11,0.0012731448514387012,0.027120018377900124,1.0,0.000465514836832881,0.0017420704243704677,NA,NA,NA,NA,NA
12,0.0009819043334573507,0.02391979843378067,1.0,0.0005167666240595281,0.0014885978307574987,NA,NA,NA,NA,NA
13,0.0007612258777953684,0.020298097282648087,1.0,0.000470938190119341,0.0012314011109992862,NA,NA,NA,NA,NA
14,0.0005883172852918506,0.018015829846262932,1.0,0.0009594883304089308,0.0015512167010456324,NA,NA,NA,NA,NA
15,0.00042425477295182645,0.015379716642200947,1.0,0.00026887989952228963,0.0006939799059182405,NA,NA,NA,NA,NA
16,0.0004899445339106023,0.01562722958624363,1.0,0.00025927447131834924,0.0007500436040572822,NA,NA,NA,NA,NA
17,0.00029172218637540936,0.011969842948019505,1.0,0.000354304036591202,0.0006470822845585644,NA,NA,NA,NA,NA
18,0.0003497492871247232,0.01251540519297123,1.0,0.00018006650498136878,0.0005309198168106377,NA,NA,NA,NA,NA
19,0.00019619034719653428,0.009779667481780052,1.0,0.00016164094267878681,0.0003580164338927716,NA,NA,NA,NA,NA
20,0.00021548070071730763,0.009413603693246841,1.0,0.00011981940770056099,0.00033579336013644934,NA,NA,NA,NA,NA
21,0.00016188107838388532,0.00772695941850543,1.0,0.00010370528616476804,0.00026574917137622833,NA,NA,NA,NA,NA
22,0.00014282968186307698,0.006817867513746023,1.0,0.00022315367823466659,0.0003666186239570379,NA,NA,NA,NA,NA
23,0.00014943040150683373,0.006592501420527697,1.0,4.516146145761013e-05,0.00019473486463539302,NA,NA,NA,NA,NA
24,0.00011470661411294714,0.006956569384783506,1.0,9.124035568675026e-05,0.00020637863781303167,NA,NA,NA,NA,NA
25,0.00016901755589060485,0.006162035278975964,1.0,5.697252709069289e-05,0.0002263412461616099,NA,NA,NA,NA,NA
26,0.0001154783894889988,0.004882910754531622,1.0,0.00012196479656267911,0.00023756528389640152,NA,NA,NA,NA,NA
27,8.351587894139811e-05,0.00551649322733283,1.0,6.749982276232913e-05,0.00015123584307730198,NA,NA,NA,NA,NA
28,6.105074135120958e-05,0.004455158952623606,1.0,5.833726390847005e-05,0.0001171580734080635,NA,NA,NA,NA,NA
29,9.681911615189165e-05,0.005074541550129652,1.0,3.5748587833950296e-05,0.00013267493341118097,NA,NA,NA,NA,NA
30,4.7446486860280856e-05,0.0035127277951687574,1.0,5.2458010031841695e-05,0.00010015863517764956,NA,NA,NA,NA,NA
31,0.00010114243195857853,0.0048862481489777565,1.0,3.435680628172122e-05,0.00013578571088146418,NA,NA,NA,NA,NA
32,4.453938527149148e-05,0.003526095300912857,1.0,5.034082641941495e-05,9.513431723462418e-05,NA,NA,NA,NA,NA
33,9.839069389272481e-05,0.005097434855997562,1.0,2.6510697352932766e-05,0.000124281199532561,NA,NA,NA,NA,NA
34,5.321735079633072e-05,0.0041568344458937645,1.0,1.8052960513159633e-05,7.14305933797732e-05,NA,NA,NA,NA,NA
35,3.8455487811006606e-05,0.0031281481496989727,1.0,2.0742436390719377e-05,5.9318750572856516e-05,NA,NA,NA,NA,NA
36,4.71652892883867e-05,0.003619774244725704,1.0,1.646119744691532e-05,6.354084325721487e-05,NA,NA,NA,NA,NA
37,2.1941237719147466e-05,0.0023692974355071783,1.0,2.9519367672037333e-05,5.15956235176418e-05,NA,NA,NA,NA,NA
38,2.8607631975319237e-05,0.0028395545668900013,1.0,3.695433770189993e-05,6.569697143277153e-05,NA,NA,NA,NA,NA
39,4.6678560465807095e-05,0.0030882228165864944,1.0,2.1348165319068357e-05,6.728444714099169e-05,NA,NA,NA,NA,NA
0,0.00017640794976614416,0.009045551531016827,1.0,3.097394073847681e-05,0.00020793396106455475,NA,NA,NA,NA,NA
1,3.6538571293931454e-05,0.00260783894918859,1.0,2.4503049644408748e-05,6.116968143032864e-05,NA,NA,NA,NA,NA
2,1.0809622835949995e-05,0.002096562646329403,1.0,5.765002129010099e-07,1.1410786100896075e-05,NA,NA,NA,NA,NA
3,3.11287549266126e-05,0.002854524180293083,1.0,6.61837191273662e-07,3.185419336659834e-05,NA,NA,NA,NA,NA
4,2.1982399630360305e-05,0.00227642641402781,1.0,1.0362552984588547e-06,2.3070249881129712e-05,NA,NA,NA,NA,NA
5,2.2477979655377567e-05,0.002378802513703704,1.0,1.2343534763203934e-06,2.3685281121288426e-05,NA,NA,NA,NA,NA
6,4.005884420621442e-06,0.0012105422792956233,1.0,2.8170215955469757e-06,6.838655735919019e-06,NA,NA,NA,NA,NA
7,2.1278090116538806e-06,0.0006778648821637034,1.0,8.42542704049265e-07,2.969055685753119e-06,NA,NA,NA,NA,NA
0,0.000153366505401209,0.0077810040675103664,1.0,2.1630850824294612e-05,0.00017547866445966065,NA,NA,NA,NA,NA
1,2.4237874640675727e-06,0.0005973753868602216,1.0,1.5544220559604582e-06,3.988951448263833e-06,NA,NA,NA,NA,NA
2,2.1090349378027895e-07,0.0002162265736842528,1.0,1.5821453871467384e-06,1.7964346170629142e-06,NA,NA,NA,NA,NA
3,4.6348625915015873e-07,0.0002716468006838113,1.0,8.184487683138286e-07,1.2834740346079343e-06,NA,NA,NA,NA,NA
4,3.4924019587379007e-07,0.00036052745417691767,1.0,8.995624511953793e-07,1.2513146430137567e-06,NA,NA,NA,NA,NA
5,3.8090615106511905e-09,4.5726425014436245e-05,1.0,5.844315751346585e-07,5.89875924106309e-07,NA,NA,NA,NA,NA
6,1.2194814047461477e-08,4.723983147414401e-05,1.0,8.572974934395461e-07,8.719005109014688e-07,NA,NA,NA,NA,NA
7,2.960933498385998e-09,4.113889372092672e-05,1.0,1.5447167811544205e-07,1.5786957874297514e-07,NA,NA,NA,NA,NA
8,2.403048593446755e-10,1.1086227459600195e-05,1.0,1.4224308131360885e-07,1.428563507488434e-07,NA,NA,NA,NA,NA
9,7.026028470136225e-07,0.0004278275300748646,1.0,1.3063228720966436e-07,8.335384791280376e-07,NA,NA,NA,NA,NA
10,2.0427026470315468e-07,0.0003363289579283446,1.0,1.779836651394362e-07,3.8323580042742833e-07,NA,NA,NA,NA,NA
11,3.7562934096513345e-08,0.0001590917818248272,1.0,3.92396444226506e-08,7.695253856354611e-08,NA,NA,NA,NA,NA
12,1.8853106098504213e-07,0.0002868381852749735,1.0,2.566302015338806e-08,2.1461427479607664e-07,NA,NA,NA,NA,NA
13,1.1091972851318133e-07,0.0001664855080889538,1.0,2.5000799652730166e-08,1.360437096309397e-07,NA,NA,NA,NA,NA
14,0.0003959363675676286,0.010854045860469341,1.0,1.2230332686158363e-05,0.00040819947025738657,NA,NA,NA,NA,NA
15,0.0002305053931195289,0.009381508454680443,1.0,2.552113073761575e-05,0.00025670407922007143,NA,NA,NA,NA,NA
16,8.169887223630212e-06,0.0013438790338113904,1.0,1.3833541743224487e-06,9.576132470101584e-06,NA,NA,NA,NA,NA
17,4.157453474817885e-07,0.00047484919195994735,1.0,2.0824525108764647e-06,2.50443827098934e-06,NA,NA,NA,NA,NA
18,1.3027003831211914e-07,0.00028145150281488895,1.0,2.0215438212289882e-07,3.330412425839313e-07,NA,NA,NA,NA,NA
19,3.300605749245733e-05,0.0025690249167382717,1.0,2.4787777874735184e-07,3.333116910653189e-05,NA,NA,NA,NA,NA
20,5.583935944741825e-06,0.0014411936281248927,1.0,1.7114649608629406e-06,7.314050435525132e-06,NA,NA,NA,NA,NA
21,1.2488315405789763e-05,0.001120111788623035,1.0,1.708656327537028e-07,1.2680248801189009e-05,NA,NA,NA,NA,NA
22,8.63620971358614e-06,0.0011621690355241299,1.0,2.5587266350157734e-07,8.910499673220329e-06,NA,NA,NA,NA,NA
23,2.1295772967278026e-06,0.0010010231053456664,1.0,1.1704366897902219e-06,3.305691961941193e-06,NA,NA,NA,NA,NA
24,9.427679259488286e-08,0.0002017818478634581,1.0,1.5659715018045972e-06,1.6642035234326613e-06,NA,NA,NA,NA,NA
25,1.92170741541986e-08,8.28023548820056e-05,1.0,8.474702184457783e-08,1.0390039051344502e-07,NA,NA,NA,NA,NA
26,8.622630076615678e-08,0.0001573569606989622,1.0,1.2294887028474477e-06,1.3192282040108694e-06,NA,NA,NA,NA,NA
27,1.2548095583042596e-05,0.0014187558554112911,1.0,5.1065804029803985e-08,1.261782381334342e-05,NA,NA,NA,NA,NA
28,8.651483221910894e-05,0.0031416891142725945,1.0,4.5890315050201025e-06,9.133433195529506e-05,NA,NA,NA,NA,NA
29,1.9569401956687216e-06,0.0009745821007527411,1.0,2.921261739174952e-07,2.2551132587977918e-06,NA,NA,NA,NA,NA
30,2.104436362060369e-06,0.00042903152643702924,1.0,1.7268628482725035e-07,2.2815797819930594e-06,NA,NA,NA,NA,NA
31,5.648151272907853e-05,0.0017260356107726693,1.0,7.07919554088221e-08,5.630160012515262e-05,NA,NA,NA,NA,NA
32,2.35312672884902e-05,0.003049295861274004,1.0,1.1948450264753774e-06,2.4745184418861754e-05,NA,NA,NA,NA,NA
33,2.737483555392828e-07,0.0003661496739368886,1.0,1.049750153470086e-06,1.327112158833188e-06,NA,NA,NA,NA,NA
34,2.0003578526939236e-07,0.00023723709455225617,1.0,3.5447581581138365e-07,5.558658813242801e-07,NA,NA,NA,NA,NA
35,4.3981899011669157e-08,0.00014756947348359972,1.0,9.463391137387589e-08,1.3873361126570671e-07,NA,NA,NA,NA,NA
36,1.1679865075109319e-08,4.566288771457039e-05,1.0,1.5000227904238272e-07,1.6213198250625283e-07,NA,NA,NA,NA,NA
37,7.572750065909517e-11,6.294384547800291e-06,1.0,1.1126035559527736e-07,1.1164617319536774e-07,NA,NA,NA,NA,NA
38,5.6729984265757594e-08,8.63147433847189e-05,1.0,6.320815373328514e-07,6.907218335072685e-07,NA,NA,NA,NA,NA
39,4.208199344546415e-10,1.5420435374835506e-05,1.0,6.457121770608865e-08,6.51730047707133e-08,NA,NA,NA,NA,NA
0,8.682907355250791e-05,0.00655025290325284,1.0,0.0002043022686848417,0.0002919130783993751,NA,NA,NA,NA,NA
1,1.3455452290145331e-06,0.0008667559013701975,1.0,9.90179501059174e-07,2.3416848762281006e-06,NA,NA,NA,NA,NA
2,8.017169648155686e-07,0.00041377273737452924,1.0,4.4782609620597214e-07,1.2529700370578212e-06,NA,NA,NA,NA,NA
3,1.2070580979184342e-08,8.169277134584263e-05,1.0,1.306563461866972e-07,1.4309564733139268e-07,NA,NA,NA,NA,NA
4,2.7021110349245703e-10,1.2276039342395961e-05,1.0,3.625441422627773e-06,3.6326091503724456e-06,NA,NA,NA,NA,NA
5,8.994775479997941e-10,5.212993528402876e-06,1.0,1.4901140765744003e-08,1.5841347789091742e-08,NA,NA,NA,NA,NA
6,2.1833387875425103e-10,9.732593753142282e-06,1.0,2.2257081511156684e-08,2.246682129225519e-08,NA,NA,NA,NA,NA
7,3.5515295131877123e-12,1.5534956219198648e-06,1.0,1.8949297100334661e-06,1.9002112594534992e-06,NA,NA,NA,NA,NA
8,1.6267044884443749e-06,0.0005221822066232562,1.0,1.539784655335552e-08,1.6446452946183854e-06,NA,NA,NA,NA,NA
9,1.9077565127645357e-07,0.0003410840581636876,1.0,6.9775190070231474e-09,1.9802573092420062e-07,NA,NA,NA,NA,NA
10,5.6372847723196173e-08,0.00018578246817924082,1.0,1.4652090385425254e-07,2.0343188111837662e-07,NA,NA,NA,NA,NA
11,9.739259176910764e-09,7.816286233719438e-05,1.0,2.7484141185141198e-08,3.729915931671712e-08,NA,NA,NA,NA,NA
12,5.34044310995796e-08,0.00014266872312873602,1.0,2.152389377840791e-09,5.570350580796912e-08,NA,NA,NA,NA,NA
13,6.641038829968693e-09,6.300253153312951e-05,1.0,2.632531881374689e-08,3.303123818909626e-08,NA,NA,NA,NA,NA
14,3.5139067211531483e-09,4.2053678043885157e-05,1.0,5.61269288823496e-08,5.980615469525219e-08,NA,NA,NA,NA,NA
15,1.534791321811113e-10,9.963137017621193e-06,1.0,3.3113667363693366e-09,3.4743188326302743e-09,NA,NA,NA,NA,NA
16,3.460276900568715e-07,0.00022113329032436013,1.0,2.814663169203868e-09,3.4592957831591775e-07,NA,NA,NA,NA,NA
17,1.5305548686228576e-06,0.0009909133659675717,1.0,1.4238851875347791e-08,1.5408979834319325e-06,NA,NA,NA,NA,NA
0,3.626557736424729e-05,0.0040886616334319115,1.0,4.273220838513225e-06,4.06382569053676e-05,NA,NA,NA,NA,NA
1,6.083665198275412e-07,0.0005843856488354504,1.0,4.9850712002808e-07,1.109566142076801e-06,NA,NA,NA,NA,NA
2,1.1335975713677726e-08,8.02253998699598e-05,1.0,6.681855069246012e-08,7.827441095287213e-08,NA,NA,NA,NA,NA
3,1.0297339514409032e-07,0.0001622688287170604,1.0,2.7234716526436387e-07,3.7633867577824276e-07,NA,NA,NA,NA,NA
4,3.2754368106679976e-09,3.998379179392941e-05,1.0,7.055494393171102e-07,7.107985311449738e-07,NA,NA,NA,NA,NA
5,1.189858100936192e-09,2.557985317253042e-05,1.0,6.125989671090792e-08,6.262235530130056e-08,NA,NA,NA,NA,NA
6,2.761769053449825e-07,0.00033673213329166174,1.0,2.6159765909028465e-08,3.030245920854213e-07,NA,NA,NA,NA,NA
7,3.988496644069528e-08,0.0001594335917616263,1.0,4.602780379059368e-08,8.606359358509508e-08,NA,NA,NA,NA,NA
8,8.637296673441597e-07,0.0004906766698695719,1.0,1.274875849333057e-08,8.780086773185758e-07,NA,NA,NA,NA,NA
9,3.817323204202694e-07,0.0004978167708031833,1.0,1.059636645095452e-08,3.9304592291955487e-07,NA,NA,NA,NA,NA
10,3.097796798101626e-05,0.002907326677814126,1.0,1.4916251984686824e-06,3.2499159715371206e-05,NA,NA,NA,NA,NA
11,3.4481772672734223e-06,0.0013840280007570982,1.0,5.070590304967482e-06,8.541071110812481e-06,NA,NA,NA,NA,NA
12,8.876535844137834e-07,0.0006904948386363685,1.0,1.1043273673294607e-07,9.916377621266292e-07,NA,NA,NA,NA,NA
13,1.7901808178066858e-06,0.0009859236888587475,1.0,1.3907509810451302e-07,1.9278136278444435e-06,NA,NA,NA,NA,NA
14,9.317321314483706e-07,0.0007438647444359958,1.0,9.5035559866119e-08,1.0238513823424e-06,NA,NA,NA,NA,NA
15,3.893192115356214e-06,0.0015389559557661414,1.0,1.7148153119705967e-08,3.91730054616346e-06,NA,NA,NA,NA,NA
16,5.701990630768705e-07,0.0005069465842097998,1.0,7.897589426875129e-08,6.501090297206247e-07,NA,NA,NA,NA,NA
17,5.964212590470197e-08,0.00018101863679476082,1.0,1.5232291872280257e-08,7.492890574667399e-08,NA,NA,NA,NA,NA
18,1.738198207590358e-08,9.51878319028765e-05,1.0,1.7270649266265536e-07,1.9054360222980904e-07,NA,NA,NA,NA,NA
19,1.9964353725754336e-08,0.0001047613041009754,1.0,3.6590503071920466e-08,5.6700336870108003e-08,NA,NA,NA,NA,NA
20,1.4217497179558336e-09,2.7821879484690726e-05,1.0,5.529948055027489e-08,5.687814308430461e-08,NA,NA,NA,NA,NA
21,2.1548375583879675e-10,1.0908828699029982e-05,1.0,3.4769369605669453e-09,3.7026361976444377e-09,NA,NA,NA,NA,NA
22,1.5770051930985574e-10,9.734745617606677e-06,1.0,6.6463887726797566e-09,6.7979661899642e-09,NA,NA,NA,NA,NA
23,5.651193402123056e-10,1.8825905499397777e-05,1.0,1.307988828358475e-08,1.368214963548553e-08,NA,NA,NA,NA,NA
24,6.880632175132462e-10,2.111270987370517e-05,1.0,5.411688164258521e-08,5.4812169025808544e-08,NA,NA,NA,NA,NA
25,2.0986392428312683e-06,0.0006510225357487798,1.0,9.437392201050443e-09,2.0964898794773035e-06,NA,NA,NA,NA,NA
26,6.854898401797982e-06,0.0018869495252147317,1.0,7.870991112213233e-07,7.637479939148761e-06,NA,NA,NA,NA,NA
27,2.0330503502918873e-06,0.0010631120530888438,1.0,5.813798864551245e-08,2.0967393083992647e-06,NA,NA,NA,NA,NA
28,1.7028627041781874e-07,0.00031526206294074655,1.0,3.985461489719455e-07,5.701435270566435e-07,NA,NA,NA,NA,NA
29,6.857946033278495e-08,0.00014229209045879543,1.0,1.2270116940271691e-06,1.294051685363229e-06,NA,NA,NA,NA,NA
30,1.425819959877117e-06,0.0009091829415410757,1.0,1.0430794894489281e-08,1.432378212484764e-06,NA,NA,NA,NA,NA
31,1.1768541298806667e-05,0.0026386266108602285,1.0,9.0092513005402e-08,1.181656898552319e-05,NA,NA,NA,NA,NA
32,5.611241704173153e-06,0.0016533643938601017,1.0,1.4890698594172136e-06,7.117705990822287e-06,NA,NA,NA,NA,NA
33,3.4325708497817686e-07,0.0004555773048195988,1.0,1.7881009739539877e-07,5.232851094660873e-07,NA,NA,NA,NA,NA
34,2.5482299292889365e-07,0.00029411169816739857,1.0,3.9901866699665334e-08,2.937489114174241e-07,NA,NA,NA,NA,NA
35,9.548067225750856e-08,0.00021049243514426053,1.0,2.152389377840791e-09,9.787549970496912e-08,NA,NA,NA,NA,NA
36,5.866072960714064e-09,5.6056378525681794e-05,1.0,4.304777867503162e-09,1.0182960252791418e-08,NA,NA,NA,NA,NA
37,3.6653087231997006e-09,4.848384560318664e-05,1.0,1.4901113232212992e-08,1.8616002961380218e-08,NA,NA,NA,NA,NA
38,4.793898056298929e-10,1.5059827092045452e-05,1.0,2.384176234215829e-08,2.4388553399035118e-08,NA,NA,NA,NA,NA
39,5.345941050949321e-11,5.57606426809798e-06,1.0,6.622723702776057e-09,6.6946670429501864e-09,NA,NA,NA,NA,NA
0,4.6267014113254845e-05,0.004680820275098085,1.0,5.79718362132553e-05,0.00010451445268699899,NA,NA,NA,NA,NA
1,5.56544648588897e-07,0.0005666146171279252,1.0,9.463362403039355e-06,1.0047484465758316e-05,NA,NA,NA,NA,NA
2,1.70449823144736e-08,0.00010023885261034593,1.0,2.6325370328095232e-08,4.3487840883926765e-08,NA,NA,NA,NA,NA
3,8.818751284778159e-10,2.301792846992612e-05,1.0,6.509178973601593e-08,6.613238667796395e-08,NA,NA,NA,NA,NA
4,2.782586105976037e-10,1.3387292710831389e-05,1.0,1.181989318865817e-06,1.1854418744405848e-06,NA,NA,NA,NA,NA
5,5.7893516369755815e-11,6.139128799986793e-06,1.0,3.758392708164138e-08,3.774660939370733e-08,NA,NA,NA,NA,NA
6,3.068246599013946e-07,2.302239226992242e-05,1.0,4.879519366340901e-08,3.160422465953161e-07,NA,NA,NA,NA,NA
7,5.507452556230419e-07,0.0003895722911693156,1.0,4.972855549567612e-07,1.0500317557671224e-06,NA,NA,NA,NA,NA
8,3.407079930184409e-06,0.0009054667898453772,1.0,3.923961244822749e-08,3.4492345548642334e-06,NA,NA,NA,NA,NA
9,5.519639785234176e-07,0.0005519685219042003,1.0,5.480287157411112e-08,6.079089303057117e-07,NA,NA,NA,NA,NA
10,7.847331318089346e-08,0.00021163019118830562,1.0,6.804805252613733e-08,1.4690968441755103e-07,NA,NA,NA,NA,NA
11,1.2164807827730328e-08,8.238051668740809e-05,1.0,5.6883962429310486e-08,6.897732163224646e-08,NA,NA,NA,NA,NA
12,6.9685444081812875e-09,6.218272756086662e-05,1.0,1.1589786019783332e-08,1.8578603544483485e-08,NA,NA,NA,NA,NA
13,1.5278791565265237e-08,9.331661567557603e-05,1.0,9.685532376124684e-08,1.122556696486754e-07,NA,NA,NA,NA,NA
14,2.2568700330793945e-07,0.00022761544096283615,1.0,3.7252835483059243e-08,2.622371084726183e-07,NA,NA,NA,NA,NA
15,3.1337026484834496e-07,0.0004205280856695026,1.0,5.066345210025247e-08,3.6492437516244536e-07,NA,NA,NA,NA,NA
16,4.357864114012955e-08,0.00014720484614372253,1.0,2.7318739270754122e-08,7.109137101224405e-08,NA,NA,NA,NA,NA
17,1.2131357252087582e-08,8.952940697781742e-05,1.0,1.3245452734622631e-08,2.5405276105061603e-08,NA,NA,NA,NA,NA
18,5.012443082819118e-08,0.0001718066050671041,1.0,1.043080111173822e-08,5.994145624299563e-08,NA,NA,NA,NA,NA
19,5.03956130160077e-07,0.0005794207099825144,1.0,1.7550231490304213e-08,5.227636279414583e-07,NA,NA,NA,NA,NA
20,5.3476853167921945e-08,0.0001708312629489228,1.0,2.3865451836968532e-08,7.751912534104122e-08,NA,NA,NA,NA,NA
21,1.7582189570930495e-07,0.0003372292558196932,1.0,1.4310199958345038e-06,1.6097519619506784e-06,NA,NA,NA,NA,NA
22,6.047654551366577e-06,0.0017750904662534595,1.0,3.5478950333178716e-10,6.05264767727931e-06,NA,NA,NA,NA,NA
23,1.575671490172681e-06,0.0009866978507488966,1.0,6.192222201661934e-08,1.6410422176704742e-06,NA,NA,NA,NA,NA
24,1.3776900686934823e-07,0.00028355096583254635,1.0,1.506668390049981e-08,1.530894309098585e-07,NA,NA,NA,NA,NA
25,1.893444867562266e-08,0.00010327126074116677,1.0,1.8732864148773842e-08,3.7734661617605525e-08,NA,NA,NA,NA,NA
26,2.4978824342269945e-08,0.00012248256825841963,1.0,4.056414226738525e-08,6.565308297012962e-08,NA,NA,NA,NA,NA
27,7.338968543990632e-09,7.01711542205885e-05,1.0,4.553103849502804e-08,5.3013057055295576e-08,NA,NA,NA,NA,NA
28,1.6368687283829786e-05,0.0024481492582708597,1.0,2.8075538693883573e-07,1.6658112144796178e-05,NA,NA,NA,NA,NA
29,1.2391054724503192e-06,0.0007413214189000428,1.0,1.1436466138547985e-06,2.3830323243601015e-06,NA,NA,NA,NA,NA
30,7.305686722247628e-08,0.0002173578686779365,1.0,2.781547259189665e-08,1.010547023838626e-07,NA,NA,NA,NA,NA
31,2.422141243130227e-08,0.00012473839160520583,1.0,4.10584618748544e-07,4.3596710952442663e-07,NA,NA,NA,NA,NA
32,6.597233692673399e-08,0.0001996570936171338,1.0,2.599421300431004e-08,9.202794615248422e-08,NA,NA,NA,NA,NA
33,1.0769388580911254e-07,0.00023031351156532764,1.0,1.1589784243426493e-08,1.1882723072176304e-07,NA,NA,NA,NA,NA
34,5.591739977717225e-07,0.0005132295773364604,1.0,7.599223295073898e-07,1.3226223245510482e-06,NA,NA,NA,NA,NA
35,5.095591859571869e-07,0.0005446628201752901,1.0,1.3245471386369445e-09,5.097695066069718e-07,NA,NA,NA,NA,NA
36,1.1887797199960914e-06,0.0008586372132413089,1.0,1.4901158085223187e-09,1.1879947123816237e-06,NA,NA,NA,NA,NA
37,5.21579113410553e-06,0.0018437157850712538,1.0,2.1192683163917536e-08,5.243153282208368e-06,NA,NA,NA,NA,NA
38,7.72086309552833e-07,0.00056536152260378,1.0,2.0960540325631882e-07,9.843828365774243e-07,NA,NA,NA,NA,NA
39,3.111536628352951e-08,0.00012765315477736294,1.0,1.0700323116452637e-07,1.3827985867465031e-07,NA,NA,NA,NA,NA
0,4.564502523862757e-05,0.004635752644389868,1.0,6.567770014953567e-06,5.234451964497566e-05,NA,NA,NA,NA,NA
1,3.9306635812863533e-07,0.0004332188982516527,1.0,1.1209311878701556e-06,1.517981900178711e-06,NA,NA,NA,NA,NA
2,1.350594835969332e-08,8.929248724598438e-05,1.0,5.215398957147954e-08,6.583893252809503e-08,NA,NA,NA,NA,NA
3,1.213962930179946e-09,2.7375181161914952e-05,1.0,1.923854000551728e-07,1.9413644736232527e-07,NA,NA,NA,NA,NA
4,4.949898824158083e-10,1.7510925317765214e-05,1.0,1.2937984017469262e-08,1.344597322372465e-08,NA,NA,NA,NA,NA
5,1.0500153524439781e-10,8.226029422075953e-06,1.0,1.960800055655909e-08,1.9696575037642106e-08,NA,NA,NA,NA,NA
6,9.886490204280562e-08,0.00016126139962580055,1.0,2.5446067297707486e-07,3.543053708199295e-07,NA,NA,NA,NA,NA
7,1.1253059994942305e-07,0.0001243196165887639,1.0,1.227569601525147e-08,1.250263323981926e-07,NA,NA,NA,NA,NA
8,7.743727437059533e-09,6.875483086332679e-05,1.0,9.304661574560669e-08,1.0106752768024307e-07,NA,NA,NA,NA,NA
9,2.0468551853447536e-10,1.0304439456376713e-05,1.0,5.449494011600109e-08,5.482806031409382e-08,NA,NA,NA,NA,NA
10,2.4260624759131488e-11,3.7693896501878044e-06,1.0,4.536509123909127e-08,4.5515772484350236e-08,NA,NA,NA,NA,NA
11,2.0460590686999236e-12,1.0476829856997938e-06,1.0,1.2417610051329575e-08,1.2454250963855884e-08,NA,NA,NA,NA,NA
12,8.383765144788502e-13,7.761227038827201e-07,1.0,2.8146616148916337e-09,2.8233400062305236e-09,NA,NA,NA,NA,NA
13,2.2821984102874837e-13,3.3354680795127933e-07,1.0,4.470341874451833e-09,4.483022841839102e-09,NA,NA,NA,NA,NA
14,1.480934447880937e-14,8.767729298142513e-08,1.0,8.609546853222128e-09,8.633540993230326e-09,NA,NA,NA,NA,NA
15,1.0345969584789772e-15,2.6108761375098766e-08,1.0,5.487402976456224e-09,5.478970166450381e-09,NA,NA,NA,NA,NA
16,1.1193594661013762e-16,7.670887924859926e-09,1.0,5.976959727149733e-08,5.993608453991328e-08,NA,NA,NA,NA,NA
17,1.8686029889907596e-17,3.05227021435428e-09,1.0,6.62273735851926e-10,6.641185379407943e-10,NA,NA,NA,NA,NA
18,1.1596160221368108e-18,8.787453542602464e-10,1.0,1.125821569303298e-07,1.1289575496675752e-07,NA,NA,NA,NA,NA
19,7.850249035979112e-19,6.833771326597571e-10,1.0,1.0380806969578771e-07,1.0409722506210528e-07,NA,NA,NA,NA,NA
20,1.4837711056347544e-17,2.6829107824255516e-09,1.0,1.324547471703852e-09,1.3282369648592862e-09,NA,NA,NA,NA,NA
21,5.198940778751437e-13,3.440547686750506e-07,1.0,3.510007218210376e-08,3.519835090060042e-08,NA,NA,NA,NA,NA
22,8.71968313731486e-06,0.0019552188459783792,1.0,2.025056602406039e-07,8.925591828301549e-06,NA,NA,NA,NA,NA
23,9.97993538476294e-07,0.0007575341151095927,1.0,1.7884816543300985e-06,2.787245193758281e-06,NA,NA,NA,NA,NA
24,1.833252326832735e-06,0.0011173581006005406,1.0,5.759139867222984e-07,2.4139528704836266e-06,NA,NA,NA,NA,NA
25,3.353574129505432e-06,0.0014354400336742401,1.0,1.6556843673853905e-09,3.3624698971834732e-06,NA,NA,NA,NA,NA
26,2.3611393373812462e-07,0.000343976920703426,1.0,4.983547441383962e-08,2.8667915330515825e-07,NA,NA,NA,NA,NA
27,3.261061465309467e-07,0.00017673225374892354,1.0,6.601307234177511e-08,3.571317961359455e-07,NA,NA,NA,NA,NA
28,1.749313582877221e-06,0.0011136300163343549,1.0,1.1920912257323835e-08,1.7613916725167655e-06,NA,NA,NA,NA,NA
29,2.7897377208319085e-07,0.00039228826062753797,1.0,2.8808862850837613e-08,3.0819865060038865e-07,NA,NA,NA,NA,NA
30,4.205211467933623e-08,0.00016190939641091973,1.0,1.6722387030654318e-08,5.890505505590227e-08,NA,NA,NA,NA,NA
31,4.098909656136129e-09,4.8243386117974296e-05,1.0,3.576274210104202e-08,3.996571251718706e-08,NA,NA,NA,NA,NA
32,2.365543039228868e-10,1.135890943260165e-05,1.0,1.62256856839349e-08,1.6507984312852386e-08,NA,NA,NA,NA,NA
33,1.9093761294275424e-11,3.249737574151368e-06,1.0,2.251723429935737e-08,2.2599083493446415e-08,NA,NA,NA,NA,NA
34,2.2811082450030495e-12,1.1916531548195053e-06,1.0,2.7318739270754122e-08,2.739711923993582e-08,NA,NA,NA,NA,NA
35,5.12628025965689e-13,5.690163789040525e-07,1.0,5.629324562050897e-09,5.64551738690966e-09,NA,NA,NA,NA,NA
36,3.6115693226833334e-13,5.03845456023555e-07,1.0,3.791477709569335e-08,3.802075454473197e-08,NA,NA,NA,NA,NA
37,3.1502995741575224e-13,4.732493152914685e-07,1.0,2.1523845816773246e-08,2.1584115827977257e-08,NA,NA,NA,NA,NA
38,7.220364930948797e-12,2.0659722395066638e-06,1.0,1.5860582891491504e-07,1.5905482086964184e-07,NA,NA,NA,NA,NA
39,6.94438465065339e-11,6.264082003326621e-06,1.0,2.152388933751581e-09,2.227992901282505e-09,NA,NA,NA,NA,NA
0,2.2689047909807414e-05,0.003291211323812604,1.0,9.043475301950821e-07,2.365628824918531e-05,NA,NA,NA,NA,NA
1,2.0282412549477158e-07,0.0003141531196888536,1.0,5.046333626523847e-07,7.094133138707548e-07,NA,NA,NA,NA,NA
2,2.2414050615537917e-09,3.394841405679472e-05,1.0,2.2896685436535336e-07,2.3185218367416383e-07,NA,NA,NA,NA,NA
3,4.8867777879824104e-11,4.670160251407651e-06,1.0,4.1391992056105664e-08,4.1556287300181793e-08,NA,NA,NA,NA,NA
4,1.0667698278551963e-12,8.12614871392725e-07,1.0,9.964600877765406e-08,9.978234061236435e-08,NA,NA,NA,NA,NA
5,1.1133083929575072e-13,2.4477463966832147e-07,1.0,5.1325645955557775e-08,5.1468706629975713e-08,NA,NA,NA,NA,NA
6,5.8934477239233445e-15,5.850793272088595e-08,1.0,1.7085896786284138e-07,1.713349035981082e-07,NA,NA,NA,NA,NA
7,1.8247863716759887e-15,3.207677323757707e-08,1.0,2.5828537530969697e-08,2.5900483535679086e-08,NA,NA,NA,NA,NA
8,1.5241913193543826e-16,9.782961996052109e-09,1.0,1.8212527042038573e-09,1.8263259793371844e-09,NA,NA,NA,NA,NA
9,2.4537475764605662e-17,3.944381266052233e-09,1.0,3.9736414159108335e-09,3.9847098953771365e-09,NA,NA,NA,NA,NA
10,4.44433679289993e-18,1.6306648253916478e-09,1.0,9.271822420942044e-09,9.297648873030084e-09,NA,NA,NA,NA,NA
11,3.75747330919611e-18,1.4766277089961477e-09,1.0,2.7200519614467566e-09,2.6564732635847577e-09,NA,NA,NA,NA,NA
12,1.4543472986295082e-18,9.76166036892323e-10,1.0,8.77510775154633e-09,8.799551309834897e-09,NA,NA,NA,NA,NA
13,3.0446326319453683e-19,4.354115679117143e-10,1.0,4.354391691663295e-08,4.366521011434088e-08,NA,NA,NA,NA,NA
14,1.4075919226313198e-19,2.8893692993747777e-10,1.0,2.649094055229284e-09,2.6564730415401527e-09,NA,NA,NA,NA,NA
15,3.059331372936494e-20,1.4036360962421668e-10,1.0,6.622736803407747e-10,6.641184269184919e-10,NA,NA,NA,NA,NA
16,1.6884830716087213e-20,1.0571805930670308e-10,1.0,2.317956271369326e-09,2.3244131064359408e-09,NA,NA,NA,NA,NA
17,5.9163333986902375e-21,5.830173149812268e-11,1.0,1.655684339629815e-10,1.6602963448519859e-10,NA,NA,NA,NA,NA
18,2.0011272932330754e-20,1.1945266997770432e-10,1.0,2.3179567154585357e-09,2.3244133284805457e-09,NA,NA,NA,NA,NA
19,4.316347020397326e-20,1.573832730805691e-10,1.0,1.655684339629815e-10,1.6602963448519859e-10,NA,NA,NA,NA,NA
20,1.7776092752200782e-18,9.168527603797827e-10,1.0,2.152388933751581e-09,2.158384360129162e-09,NA,NA,NA,NA,NA
21,3.1782194884585996e-17,4.617741300450007e-09,1.0,1.655684339629815e-10,1.6602963448519859e-10,NA,NA,NA,NA,NA
22,1.614394653116219e-14,6.719384515463389e-08,1.0,1.655684339629815e-10,1.6604488617399937e-10,NA,NA,NA,NA,NA
23,6.123298135207733e-08,0.00011978634574916214,1.0,1.6556835902292732e-09,5.980329831345443e-08,NA,NA,NA,NA,NA
24,5.405224328569602e-06,0.0018618168542161584,1.0,8.667635711390176e-07,6.260961981752189e-06,NA,NA,NA,NA,NA
25,6.465873525485222e-07,0.0005325346137396991,1.0,1.0123320848265394e-08,6.582534410881635e-07,NA,NA,NA,NA,NA
26,4.619368709768423e-08,0.00015998014714568853,1.0,3.3113667363693366e-09,4.9559684356381695e-08,NA,NA,NA,NA,NA
27,8.07208433428741e-09,6.809796468587592e-05,1.0,3.4769367385223404e-09,1.1576251068845522e-08,NA,NA,NA,NA,NA
0,3.520657628541812e-05,0.004042808432132006,1.0,6.5716344579414e-06,4.189357059658505e-05,NA,NA,NA,NA,NA
1,2.8374537919262366e-07,0.00040886973147280514,1.0,8.067196972660895e-07,1.0930383496088325e-06,NA,NA,NA,NA,NA
2,3.6852711993162757e-09,4.09394851885736e-05,1.0,7.483671282670912e-08,7.87405696200949e-08,NA,NA,NA,NA,NA
3,4.358903515910839e-11,5.072806288808351e-06,1.0,2.5165113015646057e-07,2.5239586420866544e-07,NA,NA,NA,NA,NA
4,4.1486428008219445e-12,1.548313548482838e-06,1.0,2.610454430396203e-07,2.6165815825152094e-07,NA,NA,NA,NA,NA
5,5.908407443855346e-13,5.926809762968333e-07,1.0,8.940694407044703e-09,8.966190456760614e-09,NA,NA,NA,NA,NA
6,1.1161281995202346e-13,2.6086422622029204e-07,1.0,2.786274855282045e-08,2.7893031884218544e-08,NA,NA,NA,NA,NA
7,3.1455977959112674e-14,1.428606424269674e-07,1.0,7.053159833958489e-08,7.072807051144991e-08,NA,NA,NA,NA,NA
8,8.989228632294566e-15,7.346142893993601e-08,1.0,2.6822037924034703e-08,2.6896755045413556e-08,NA,NA,NA,NA,NA
9,1.2150715156933724e-15,2.733924375775132e-08,1.0,7.616144159783289e-09,7.637359189516246e-09,NA,NA,NA,NA,NA
10,2.440766730369445e-16,1.278453787278977e-08,1.0,6.506731864419635e-08,6.524856388523403e-08,NA,NA,NA,NA,NA
11,3.181856767048118e-17,4.315220181183577e-09,1.0,4.3653670900312136e-07,4.3775270341939176e-07,NA,NA,NA,NA,NA
12,6.929597221002745e-18,1.8757080333386966e-09,1.0,6.62273735851926e-10,6.641185379407943e-10,NA,NA,NA,NA,NA
13,5.1251707503236975e-19,5.674192227189678e-10,1.0,3.311368290681571e-09,3.320592023570157e-09,NA,NA,NA,NA,NA
14,1.9487966811321884e-19,3.348469557185041e-10,1.0,5.463756114210128e-09,5.478975495520899e-09,NA,NA,NA,NA,NA
15,5.1259174100734973e-20,1.7449530709257033e-10,1.0,3.145798732617777e-09,3.1545615009065386e-09,NA,NA,NA,NA,NA
16,6.084420699687561e-21,6.132358509880476e-11,1.0,8.60953885961635e-09,8.633520565126673e-09,NA,NA,NA,NA,NA
17,3.197568237864772e-21,4.611415416189146e-11,1.0,2.8974303845075156e-08,2.9055010841716467e-08,NA,NA,NA,NA,NA
18,1.2180938309988534e-21,2.7558446843989337e-11,1.0,5.62931612435591e-09,5.6449969143557155e-09,NA,NA,NA,NA,NA
19,1.851347492422177e-22,1.0956530821504273e-11,1.0,3.31136867925963e-10,3.3205926897039717e-10,NA,NA,NA,NA,NA
20,1.9363350749473644e-22,1.0905482246414966e-11,1.0,9.437377990195728e-09,9.463666295062012e-09,NA,NA,NA,NA,NA
21,1.2599492002862954e-22,8.798123687925319e-12,1.0,9.900718112021423e-08,9.92829640722448e-08,NA,NA,NA,NA,NA
22,9.694304343631814e-22,2.4799213030335387e-11,1.0,0.0,9.714342672801876e-22,NA,NA,NA,NA,NA
23,2.4008896276718888e-20,1.1005136385522363e-10,1.0,1.324547027614642e-09,1.3282365207700764e-09,NA,NA,NA,NA,NA
24,3.394477587804463e-17,3.130717685095874e-09,1.0,0.0,3.391867998407981e-17,NA,NA,NA,NA,NA
25,3.220677779916352e-14,1.1034792635200574e-07,1.0,1.8212520380700425e-09,1.8263563994480592e-09,NA,NA,NA,NA,NA
26,1.0587192456057437e-08,4.901747888652608e-05,1.0,2.317956271369326e-09,1.2432663787365072e-08,NA,NA,NA,NA,NA
27,5.970872734906152e-06,0.0019405761267989874,1.0,5.7712156831257744e-08,6.031235898262821e-06,NA,NA,NA,NA,NA
28,2.1085979824420065e-06,0.001184167223982513,1.0,5.149111075297697e-07,2.6303162030671956e-06,NA,NA,NA,NA,NA
29,1.8846209570710926e-07,0.00034805500763468444,1.0,2.201541491331227e-07,3.966356700857432e-07,NA,NA,NA,NA,NA
30,1.1783122921826816e-08,7.886087405495346e-05,1.0,1.8543659052738803e-08,3.040416629573883e-08,NA,NA,NA,NA,NA
31,1.0762073454628762e-09,2.4312344976351596e-05,1.0,7.483673414299119e-08,7.612324282035843e-08,NA,NA,NA,NA,NA
32,9.849041027187866e-11,7.720366738794837e-06,1.0,1.7384669703801592e-08,1.7531842644302742e-08,NA,NA,NA,NA,NA
33,1.8913998839353852e-11,3.422112058615312e-06,1.0,3.6425051863631097e-09,3.671597914589597e-09,NA,NA,NA,NA,NA
34,4.069179888877006e-12,1.4370999679158558e-06,1.0,5.67890907632318e-08,5.695135385508365e-08,NA,NA,NA,NA,NA
35,4.830236145954292e-13,5.837069920744398e-07,1.0,1.1589790238630826e-09,1.1626896112559848e-09,NA,NA,NA,NA,NA
36,2.3360233560899835e-13,3.9520091377198696e-07,1.0,2.17604223529122e-09,2.1586192833211726e-09,NA,NA,NA,NA,NA
37,1.716971833806702e-13,3.097053991041321e-07,1.0,2.301390011894e-08,2.3078182920244217e-08,NA,NA,NA,NA,NA
38,7.700150873911696e-14,2.231443829714408e-07,1.0,2.152389377840791e-09,2.1584625198300955e-09,NA,NA,NA,NA,NA
39,8.597174079409686e-13,6.942063919268548e-07,1.0,8.136498585997742e-09,8.136304963102248e-09,NA,NA,NA,NA,NA
0,1.5077171156008262e-05,0.0026563575956970453,1.0,1.43398312957288e-06,1.6549296560697258e-05,NA,NA,NA,NA,NA
1,2.0026917013638013e-07,0.0003412548394408077,1.0,1.253792561328737e-06,1.4580836023014854e-06,NA,NA,NA,NA,NA
2,2.8753879277587657e-09,3.699314038385637e-05,1.0,2.317949743257941e-08,2.6126588892338987e-08,NA,NA,NA,NA,NA
3,7.409074742614763e-11,6.560006113431882e-06,1.0,1.4735570097457185e-08,1.4850876972616334e-08,NA,NA,NA,NA,NA
4,6.714409410413236e-12,2.0483487332967343e-06,1.0,5.794891677624037e-09,5.817761383752895e-09,NA,NA,NA,NA,NA
5,1.0805785519846234e-12,7.960384778016305e-07,1.0,5.98411320495984e-09,5.978147310514714e-09,NA,NA,NA,NA,NA
6,1.5687650560102656e-13,3.0594577538067824e-07,1.0,7.317965611264299e-08,7.338364582665236e-08,NA,NA,NA,NA,NA
7,1.586825763562165e-14,9.591655469876059e-08,1.0,6.2915970211463446e-09,6.309136768578583e-09,NA,NA,NA,NA,NA
8,8.788039354959475e-16,2.303196744435354e-08,1.0,3.741822851566212e-08,3.752246158228445e-08,NA,NA,NA,NA,NA
9,5.969014709521453e-17,6.140512542884835e-09,1.0,1.2583175390545875e-08,1.2618225575522501e-08,NA,NA,NA,NA,NA
10,6.788641508720646e-18,2.0371466735724653e-09,1.0,1.2417609163151155e-08,1.2452198383527957e-08,NA,NA,NA,NA,NA
11,1.2963072047708924e-18,8.749006519259694e-10,1.0,2.1523780091570188e-08,2.1583735687613625e-08,NA,NA,NA,NA,NA
12,4.1777870945878195e-19,5.252738244365673e-10,1.0,1.1589789128407801e-09,1.1622072193517852e-09,NA,NA,NA,NA,NA
13,4.0026869175831804e-19,5.244541467774866e-10,1.0,1.4901154754554113e-09,1.4942662662775774e-09,NA,NA,NA,NA,NA
14,5.399527947943754e-19,6.208050185030345e-10,1.0,1.82125192704774e-09,1.8263250911587647e-09,NA,NA,NA,NA,NA
15,8.313627214078221e-20,2.103835855526981e-10,1.0,3.31136867925963e-10,3.3205926897039717e-10,NA,NA,NA,NA,NA
16,2.1499290596693754e-06,0.00022768057533539832,1.0,8.157176125678234e-07,2.7295300242258236e-06,NA,NA,NA,NA,NA
17,3.623573502409272e-05,0.004233602900058031,1.0,4.802984221896622e-06,4.1136743675451726e-05,NA,NA,NA,NA,NA
18,7.030809570096608e-07,0.0005578631535172462,1.0,7.423194006150879e-07,1.4492247828457039e-06,NA,NA,NA,NA,NA
19,6.877079954392684e-07,0.00041276088450104,1.0,1.8378079502667788e-08,7.079284500832728e-07,NA,NA,NA,NA,NA
20,2.685924549439278e-08,0.00011376664770068601,1.0,1.1705455449373403e-07,1.4429774353175162e-07,NA,NA,NA,NA,NA
21,3.5172327272903203e-09,3.1005034543341026e-05,1.0,3.013040554833424e-07,3.0566710051971313e-07,NA,NA,NA,NA,NA
22,3.5971555689684465e-07,6.956455763429403e-05,1.0,1.5066678571429293e-08,3.724724706444249e-07,NA,NA,NA,NA,NA
23,3.2120090054377215e-07,0.0004302759771235287,1.0,2.980229618643193e-09,3.249452902309713e-07,NA,NA,NA,NA,NA
24,1.5443974987761067e-08,9.817115642363206e-05,1.0,1.705347862923645e-08,3.258232794678406e-08,NA,NA,NA,NA,NA
25,3.6061448271951235e-10,1.2798557690985035e-05,1.0,1.3245431418340559e-08,1.3643817631248112e-08,NA,NA,NA,NA,NA
26,6.421705181502979e-12,1.8026846646534977e-06,1.0,2.7153079784625334e-08,2.7235156352389822e-08,NA,NA,NA,NA,NA
27,4.0032972596637517e-13,4.675833906730986e-07,1.0,8.791415950781811e-08,8.815943175477514e-08,NA,NA,NA,NA,NA
28,1.621806530217873e-14,9.096012121290187e-08,1.0,4.470344983076302e-09,4.4828127876428425e-09,NA,NA,NA,NA,NA
29,5.092211541324332e-09,1.595360845385585e-05,1.0,8.278421836926952e-10,5.902639710342328e-09,NA,NA,NA,NA,NA
30,4.9978958749363755e-09,5.576055991696194e-05,1.0,1.655684339629815e-10,5.17180209769208e-09,NA,NA,NA,NA,NA
31,9.178856563707427e-10,2.5518998882034793e-05,1.0,7.285006375923331e-09,8.225384817706072e-09,NA,NA,NA,NA,NA
32,2.7261376489562394e-10,1.0541048141021747e-05,1.0,1.3245471386369445e-09,1.6014911619066652e-09,NA,NA,NA,NA,NA
33,4.211782658747332e-11,5.21961328558973e-06,1.0,3.31136867925963e-10,3.7420941345622794e-10,NA,NA,NA,NA,NA
34,1.79558937163371e-11,3.247895392632927e-06,1.0,1.8046891980816326e-08,1.8115143163299763e-08,NA,NA,NA,NA,NA
35,2.800168734037878e-12,1.293546461056394e-06,1.0,0.0,2.806064625451854e-12,NA,NA,NA,NA,NA
36,7.535334134445293e-09,3.404080416657962e-05,1.0,9.934105760223133e-10,8.428639119983927e-09,NA,NA,NA,NA,NA
37,7.129256118787453e-08,0.00021637653117068112,1.0,5.794889901267197e-09,7.697020265595711e-08,NA,NA,NA,NA,NA
38,5.128167757106894e-08,0.00017959934484679252,1.0,3.3113678465923613e-09,5.4639198054928784e-08,NA,NA,NA,NA,NA
39,2.145082333981918e-08,0.0001141261454904452,1.0,3.31136867925963e-10,2.1776992653599336e-08,NA,NA,NA,NA,NA
0,3.584802834666334e-05,0.003992069978266954,1.0,5.027284259995213e-07,3.6446042940951884e-05,NA,NA,NA,NA,NA
1,3.511229067498789e-07,0.0004592426703311503,1.0,1.4048342791284085e-06,1.760580857990135e-06,NA,NA,NA,NA,NA
2,1.301588703483958e-08,8.316487219417468e-05,1.0,7.202211094181621e-08,8.526920680651529e-08,NA,NA,NA,NA,NA
3,1.3567708068151774e-09,2.841058449121192e-05,1.0,1.788109642575364e-07,1.8066712925701722e-07,NA,NA,NA,NA,NA
4,1.0339983091967042e-08,2.0354867956484668e-05,1.0,2.106653624878163e-07,2.2069724536777358e-07,NA,NA,NA,NA,NA
5,2.7198725494059772e-09,3.680757436086424e-05,1.0,5.579627071483628e-08,5.867863706043863e-08,NA,NA,NA,NA,NA
6,3.567040413043898e-11,4.255825842847116e-06,1.0,1.0967620767132757e-07,1.0994631338689942e-07,NA,NA,NA,NA,NA
7,1.1142303968370015e-08,3.3446667657699436e-05,1.0,2.089341109012821e-07,2.2067195004638052e-07,NA,NA,NA,NA,NA
8,1.0921720194900786e-09,2.485336699464824e-05,1.0,3.4769367385223404e-09,4.58174476136719e-09,NA,NA,NA,NA,NA
9,2.7771774463447585e-11,3.371783122929628e-06,1.0,3.808073856248484e-09,3.846524432304932e-09,NA,NA,NA,NA,NA
10,4.731394854899651e-13,5.062934178567957e-07,1.0,1.092749712938712e-08,1.0958410179284783e-08,NA,NA,NA,NA,NA
11,4.878469503366567e-11,1.5167335050136899e-06,1.0,3.169452700291231e-09,3.2034668251412768e-09,NA,NA,NA,NA,NA
12,4.102352138546372e-12,1.460856651647191e-06,1.0,4.635913875006281e-09,4.6529402553119326e-09,NA,NA,NA,NA,NA
13,9.652725125285089e-14,2.2747568095837778e-07,1.0,2.665633047627125e-08,2.673067278635699e-08,NA,NA,NA,NA,NA
14,3.8635006550599444e-15,4.9211465125154064e-08,1.0,9.106249976298386e-09,9.131617240143441e-09,NA,NA,NA,NA,NA
15,1.8480439111741217e-16,9.984503890336782e-09,1.0,2.152389377840791e-09,2.1583850262629767e-09,NA,NA,NA,NA,NA
16,1.0259965333484143e-17,2.5041553275428896e-09,1.0,8.60953974779477e-09,8.633521453305093e-09,NA,NA,NA,NA,NA
17,2.161181817452502e-18,1.1632764751468017e-09,1.0,1.6556841453407856e-09,1.6602960117850785e-09,NA,NA,NA,NA,NA
18,1.7449753715430303e-19,3.30161592509981e-10,1.0,1.6060047514088183e-08,1.610478328473164e-08,NA,NA,NA,NA,NA
19,2.911466376094105e-20,1.1844025760154864e-10,1.0,4.967052880111567e-10,4.980888479444445e-10,NA,NA,NA,NA,NA
20,1.5166179826316993e-21,2.9984063842913855e-11,1.0,5.13261699808254e-09,5.146914006104453e-09,NA,NA,NA,NA,NA
21,1.2436772531959628e-12,6.411117965399171e-07,1.0,0.0,1.246790539734255e-12,NA,NA,NA,NA,NA
22,2.922303241406632e-13,4.715431032309425e-07,1.0,3.3113678465923613e-09,3.320884678359448e-09,NA,NA,NA,NA,NA
23,1.1147971380656013e-13,2.698444632187602e-07,1.0,2.980229618643193e-09,2.9886426666791976e-09,NA,NA,NA,NA,NA
24,1.7292885737740446e-14,1.01514991968088e-07,1.0,1.1258611820608166e-08,1.1289986723284073e-08,NA,NA,NA,NA,NA
25,6.853746446280082e-16,1.8657537736999075e-08,1.0,1.1589789128407801e-09,1.1622078854856e-09,NA,NA,NA,NA,NA
26,1.6208769539099088e-17,2.742054361348778e-09,1.0,8.278419616480903e-10,8.30147950381388e-10,NA,NA,NA,NA,NA
27,3.2785398704309695e-18,1.5122301189052223e-09,1.0,0.0,3.2784652173806866e-18,NA,NA,NA,NA,NA
28,3.636126740515193e-18,1.514474434749502e-09,1.0,2.2020518741783235e-08,2.2081858119804565e-08,NA,NA,NA,NA,NA
29,6.098784561777573e-19,6.170401967153794e-10,1.0,4.967052325000054e-10,4.980888479444445e-10,NA,NA,NA,NA,NA
30,5.81252630309441e-19,6.01474481332076e-10,1.0,6.2915912479866165e-09,6.309116784564139e-09,NA,NA,NA,NA,NA
31,2.347012543254697e-19,3.892896560664383e-10,1.0,8.278419616480903e-10,8.30147950381388e-10,NA,NA,NA,NA,NA
32,3.7201734606294093e-19,4.31347013662986e-10,1.0,6.433503951797093e-09,5.6449969143557155e-09,NA,NA,NA,NA,NA
33,3.390450156554337e-20,1.423762913121962e-10,1.0,1.4901156975000163e-09,1.4942663772998799e-09,NA,NA,NA,NA,NA
34,1.0292556663209039e-20,8.163764803059692e-11,1.0,1.655684339629815e-10,1.6602963448519859e-10,NA,NA,NA,NA,NA
35,5.1886154386830294e-20,1.864567111820037e-10,1.0,0.0,5.1925878443278446e-20,NA,NA,NA,NA,NA
36,2.2268474564324237e-10,1.0261636816721875e-05,1.0,4.967052325000054e-10,7.201673146717269e-10,NA,NA,NA,NA,NA
37,1.9438659570880645e-09,3.250431109336205e-05,1.0,6.622736803407747e-10,2.5737059150543473e-09,NA,NA,NA,NA,NA
38,1.2195274621262797e-06,0.0007991695892997086,1.0,2.6490931670508644e-09,1.2234550013090484e-06,NA,NA,NA,NA,NA
39,4.0433914705317875e-07,0.00047055643517524004,1.0,8.775121962401045e-09,4.140267151342414e-07,NA,NA,NA,NA,NA
0,1.7751308405422606e-05,0.0029488210566341877,1.0,9.703259820526e-06,2.75268448604038e-05,NA,NA,NA,NA,NA
1,1.548963268760417e-07,0.00028144760290160775,1.0,5.090819286124315e-07,6.649853503404302e-07,NA,NA,NA,NA,NA
2,3.15211434731566e-09,4.2277202737750486e-05,1.0,5.967547878071855e-08,6.292795973195098e-08,NA,NA,NA,NA,NA
3,6.296678733974659e-10,1.95473348867381e-05,1.0,1.2020167616810795e-07,1.211670905831852e-07,NA,NA,NA,NA,NA
4,1.4611824250554406e-10,9.471648809267208e-06,1.0,5.627895234283642e-07,5.64432525607117e-07,NA,NA,NA,NA,NA
5,1.719577431835706e-11,3.202967263860046e-06,1.0,5.132620550796219e-09,5.164128236145871e-09,NA,NA,NA,NA,NA
6,2.451194195535189e-12,1.241672634932911e-06,1.0,4.162862499157427e-09,4.153190236166893e-09,NA,NA,NA,NA,NA
7,5.31879065530233e-13,5.327503345142759e-07,1.0,7.831211945585892e-08,7.853078187736173e-08,NA,NA,NA,NA,NA
8,2.441005974825397e-14,1.1869153127008758e-07,1.0,2.897437845206241e-08,2.9055103212272115e-08,NA,NA,NA,NA,NA
9,3.1420765528945892e-15,4.171552703269299e-08,1.0,1.655684256363088e-09,1.660299009387245e-09,NA,NA,NA,NA,NA
10,1.3439888979440725e-16,8.590142819286939e-09,1.0,8.775118409687366e-09,8.799561967975933e-09,NA,NA,NA,NA,NA
11,2.594339494709264e-17,4.251625718154628e-09,1.0,3.8127662804754436e-08,3.8186428241715475e-08,NA,NA,NA,NA,NA
12,4.449027734153718e-18,1.6609609243545265e-09,1.0,1.655684256363088e-09,1.6602962338296834e-09,NA,NA,NA,NA,NA
13,1.2105948530957242e-19,2.5578128504122333e-10,1.0,2.649094277273889e-09,2.6564734856293626e-09,NA,NA,NA,NA,NA
14,1.9423905227171347e-20,1.1197930083195473e-10,1.0,3.311368512726176e-09,3.3205924676593668e-09,NA,NA,NA,NA,NA
15,3.093254017545551e-21,4.4545651889382754e-11,1.0,2.152389377840791e-09,2.1583850262629767e-09,NA,NA,NA,NA,NA
16,8.498066579277043e-23,6.9205531062765946e-12,1.0,4.1392080873947634e-09,4.150737975550101e-09,NA,NA,NA,NA,NA
17,2.688498233966367e-23,4.139774460731882e-12,1.0,1.523221904164984e-08,1.5274649101115756e-08,NA,NA,NA,NA,NA
18,1.0461205948715242e-23,2.505090969731616e-12,1.0,1.1589786907961752e-09,1.1622069973071802e-09,NA,NA,NA,NA,NA
19,7.738058399715148e-25,7.085621694415123e-13,1.0,4.967052880111567e-10,4.980888479444445e-10,NA,NA,NA,NA,NA
20,9.39296778454272e-25,7.937891880263614e-13,1.0,7.2850014909420224e-09,7.305293703296911e-09,NA,NA,NA,NA,NA
21,8.244814263582008e-25,7.445378948783832e-13,1.0,9.321233562786801e-08,9.347197504894211e-08,NA,NA,NA,NA,NA
22,1.0910865342161176e-23,2.534943392348832e-12,1.0,4.967052325000054e-10,4.980888479444445e-10,NA,NA,NA,NA,NA
23,2.7380086211256524e-21,3.664019435078991e-11,1.0,4.1392076433055536e-09,4.150737531460891e-09,NA,NA,NA,NA,NA
24,4.791683580591053e-17,3.28892091339128e-09,1.0,1.655684339629815e-10,1.6602968999634982e-10,NA,NA,NA,NA,NA
25,2.659519715564329e-08,4.68351281597279e-05,1.0,9.934104650000108e-10,2.5384734314570778e-08,NA,NA,NA,NA,NA
26,5.629335191770224e-06,0.001716695143841207,1.0,2.928865683315962e-07,5.937929927313235e-06,NA,NA,NA,NA,NA
27,2.0233993325291522e-07,0.00038132438203319907,1.0,1.3332949322375498e-07,3.364121994309244e-07,NA,NA,NA,NA,NA
28,2.1711503706001167e-08,0.00010680081322789192,1.0,3.228582912129241e-08,5.414284132143621e-08,NA,NA,NA,NA,NA
29,1.9950965324255776e-09,3.484826811472885e-05,1.0,8.375248938818913e-08,8.551157293368306e-08,NA,NA,NA,NA,NA
30,5.74458969282432e-09,1.725456240819767e-05,1.0,9.76853176126724e-09,1.5543138331963746e-08,NA,NA,NA,NA,NA
31,1.0767842617553924e-08,8.293849532492459e-05,1.0,9.113625196732755e-07,9.246887771041656e-07,NA,NA,NA,NA,NA
32,6.327926257654326e-06,0.0013203956186771393,1.0,1.1826314150198414e-08,6.339909759844886e-06,NA,NA,NA,NA,NA
33,5.140866505826125e-06,0.0017330702394247055,1.0,7.964230235302239e-07,5.9512681218620855e-06,NA,NA,NA,NA,NA
34,1.1259096766025323e-07,0.00022119238565210253,1.0,3.162471671203093e-07,4.2997606897188234e-07,NA,NA,NA,NA,NA
35,7.096136123152519e-09,4.089537833351642e-05,1.0,1.6060125673789116e-08,2.3200776411158586e-08,NA,NA,NA,NA,NA
36,3.092320843833818e-09,4.56813104392495e-05,1.0,3.973642304089253e-09,7.084596465034565e-09,NA,NA,NA,NA,NA
37,2.567098200678686e-10,1.2838384463975672e-05,1.0,4.271635489772052e-08,4.3092676094147464e-08,NA,NA,NA,NA,NA
38,6.209747126229015e-12,1.7619952359382296e-06,1.0,6.622734360917093e-09,6.647408845594782e-09,NA,NA,NA,NA,NA
39,1.2796510270689232e-13,2.407178953944822e-07,1.0,1.589455145278862e-08,1.593894971563259e-08,NA,NA,NA,NA,NA
0,1.1545634151843842e-05,0.0023837764747440815,1.0,6.668076366622699e-07,1.2242385309946258e-05,NA,NA,NA,NA,NA
1,1.0530450822443527e-07,0.0002467778685968369,1.0,8.252675911535334e-07,9.331456567451824e-07,NA,NA,NA,NA,NA
2,3.072253562663718e-09,4.12193730880972e-05,1.0,6.771638538793923e-08,7.098385879089619e-08,NA,NA,NA,NA,NA
3,3.232265011199331e-10,1.4375079445017036e-05,1.0,1.5728970126360764e-08,1.609616440134687e-08,NA,NA,NA,NA,NA
4,9.760796337854316e-11,7.665522389288526e-06,1.0,1.07619309019924e-08,1.0889724677554113e-08,NA,NA,NA,NA,NA
5,1.5738438330359372e-11,3.040502861040295e-06,1.0,3.5005891518835597e-09,3.502397927235279e-09,NA,NA,NA,NA,NA
6,2.1828567599302406e-12,1.122911612583266e-06,1.0,1.23840237620243e-07,1.2418738037922594e-07,NA,NA,NA,NA,NA
7,5.0066259973391425e-06,0.0005686465301550925,1.0,1.4073266996206257e-08,5.022103323426563e-06,NA,NA,NA,NA,NA
8,1.1395925412216457e-06,0.0007220021216198802,1.0,1.9236139792155882e-07,1.3354364227780025e-06,NA,NA,NA,NA,NA
9,2.9909713816778094e-08,0.00011837280908366665,1.0,7.334593021823821e-08,1.0353905821602893e-07,NA,NA,NA,NA,NA
10,2.062963133653284e-09,3.6047731555299833e-05,1.0,7.698785253751339e-08,7.927010869934747e-08,NA,NA,NA,NA,NA
11,1.2190910780862652e-10,7.836395525373518e-06,1.0,1.9205884882467217e-08,1.9381621640945923e-08,NA,NA,NA,NA,NA
12,7.885426686615737e-12,2.0836287148995325e-06,1.0,4.635915207273911e-09,4.656734997610101e-09,NA,NA,NA,NA,NA
13,4.4871436210777715e-13,4.902211117041588e-07,1.0,6.126026796948736e-09,6.1435412312960125e-09,NA,NA,NA,NA,NA
14,9.54559709498426e-07,0.0005270623951219022,1.0,2.8146618369362386e-09,9.59577505454945e-07,NA,NA,NA,NA,NA
15,3.835589623690794e-08,0.00014546964666806161,1.0,4.96705077068782e-09,4.338122394642596e-08,NA,NA,NA,NA,NA
16,2.465875725832234e-09,4.0845949115464464e-05,1.0,2.798092246791839e-08,3.0524144989385604e-08,NA,NA,NA,NA,NA
17,2.0631738539833577e-09,3.669562647701241e-05,1.0,7.119430378565994e-09,9.206963191843442e-09,NA,NA,NA,NA,NA
18,2.321928482817981e-10,1.1263578926445916e-05,1.0,4.96705077068782e-09,5.213679710180941e-09,NA,NA,NA,NA,NA
19,1.0140394600399727e-11,2.586698883533245e-06,1.0,4.139208975573183e-09,4.160892519422532e-09,NA,NA,NA,NA,NA
20,4.989388242837567e-12,1.8642757595443982e-06,1.0,3.245130031359622e-08,3.2546690675872014e-08,NA,NA,NA,NA,NA
21,1.3543298427176609e-11,2.943704203062225e-06,1.0,1.523221904164984e-08,1.528822757279613e-08,NA,NA,NA,NA,NA
22,4.8169315758350706e-12,1.7729787487041904e-06,1.0,1.1258617149678685e-08,1.1294809532103045e-08,NA,NA,NA,NA,NA
23,1.9760749026681568e-12,1.1287683037153329e-06,1.0,8.27842128181544e-10,8.32112434512311e-10,NA,NA,NA,NA,NA
24,3.415856790131566e-12,1.4799998098169453e-06,1.0,1.8212525931815549e-09,1.829746909542962e-09,NA,NA,NA,NA,NA
25,1.0945403611239968e-10,6.625692549278028e-06,1.0,3.31136867925963e-10,4.3864145649052944e-10,NA,NA,NA,NA,NA
26,1.2152516326580098e-08,6.345127621898428e-05,1.0,9.106247311763127e-09,2.067719684362146e-08,NA,NA,NA,NA,NA
27,2.4345099518541247e-06,0.0011499340180307627,1.0,1.2372157698337105e-07,2.5635515612520976e-06,NA,NA,NA,NA,NA
28,3.724580892594531e-07,0.0004942429950460792,1.0,8.36116740288162e-08,4.5724459596385714e-07,NA,NA,NA,NA,NA
29,3.218641708713221e-08,0.00013633588969241828,1.0,2.1689452012196853e-08,5.402053560032982e-08,NA,NA,NA,NA,NA
30,1.2676172334025182e-09,2.7732347007258795e-05,1.0,1.3907729190520968e-08,1.5216679472018768e-08,NA,NA,NA,NA,NA
31,8.206894192008818e-11,7.052533419482643e-06,1.0,3.741832088621777e-08,3.760479216907697e-08,NA,NA,NA,NA,NA
32,6.112998301999184e-11,6.339960691548185e-06,1.0,6.788296591508924e-09,6.868436042140047e-09,NA,NA,NA,NA,NA
33,7.822760668407813e-12,2.3160096134233754e-06,1.0,1.9868213740892315e-09,2.0001786893431017e-09,NA,NA,NA,NA,NA
34,8.632858317092484e-12,2.349981059523998e-06,1.0,1.937146798525191e-08,1.9434063247558697e-08,NA,NA,NA,NA,NA
35,9.580115346852214e-12,2.498652293070336e-06,1.0,8.278421836926952e-10,8.396975337277013e-10,NA,NA,NA,NA,NA
36,9.708268911001738e-12,2.5085539618885377e-06,1.0,8.940686413438925e-09,8.975317378201453e-09,NA,NA,NA,NA,NA
37,3.039519330672036e-11,4.284281203581486e-06,1.0,2.6987420298496545e-08,2.7092719179222513e-08,NA,NA,NA,NA,NA
38,6.16453803559125e-08,0.00014047221338842064,1.0,2.5828446936770888e-08,8.456375866217059e-08,NA,NA,NA,NA,NA
39,1.2994793223697343e-06,0.0008798865019343793,1.0,5.46374900878277e-09,1.303827502852073e-06,NA,NA,NA,NA,NA
0,1.410201184626203e-05,0.0026156033854931593,1.0,1.773226813384099e-06,1.5918023564154282e-05,NA,NA,NA,NA,NA
1,1.3903941464832315e-07,0.0002589453652035445,1.0,4.660596459871158e-07,6.065947104616498e-07,NA,NA,NA,NA,NA
2,1.6386724199790592e-09,2.7329455406288616e-05,1.0,3.711091878244588e-08,3.800331072056906e-08,NA,NA,NA,NA,NA
3,5.998316426891748e-11,6.0453048718045466e-06,1.0,5.0994959366335024e-08,5.119708390566302e-08,NA,NA,NA,NA,NA
0,6.956629931664793e-06,0.0019368564244359732,1.0,7.719382892901194e-07,7.747643394395709e-06,NA,NA,NA,NA,NA
1,9.76152776388517e-08,0.00024105359625536948,1.0,1.9719014687780145e-07,2.9558873393398244e-07,NA,NA,NA,NA,NA
2,3.2126412641275692e-09,4.211740451864898e-05,1.0,3.344478116673599e-08,3.6759303156941314e-08,NA,NA,NA,NA,NA
3,1.0372421671567267e-10,8.354421879630536e-06,1.0,3.592828434761941e-08,3.6132313141479244e-08,NA,NA,NA,NA,NA
4,1.1383747243465248e-11,2.6429925128468312e-06,1.0,5.3785505826908775e-08,5.380442047453471e-08,NA,NA,NA,NA,NA
5,5.69161959316361e-13,5.769983317804872e-07,1.0,2.3345107180716695e-08,2.3410704486082068e-08,NA,NA,NA,NA,NA
6,1.6718660079940127e-14,9.568743308818739e-08,1.0,6.556415144132188e-08,6.574679645154902e-08,NA,NA,NA,NA,NA
7,7.251945422751156e-15,7.129806789407667e-08,1.0,7.152421233058703e-08,7.172344140826681e-08,NA,NA,NA,NA,NA
8,3.5595704105085245e-15,4.6379653895201045e-08,1.0,0.0,3.566394954964552e-15,NA,NA,NA,NA,NA
9,2.5373787789376785e-16,1.2708669672178985e-08,1.0,6.62273735851926e-10,6.641187599853993e-10,NA,NA,NA,NA,NA
10,1.77809071584328e-15,3.139313520250653e-08,1.0,2.483524719210095e-09,2.490444073188769e-09,NA,NA,NA,NA,NA
11,3.7404030509013714e-15,4.979120049597441e-08,1.0,8.27842128181544e-10,8.301518361619742e-10,NA,NA,NA,NA,NA
12,2.572885447174513e-14,1.2755583611578913e-07,1.0,9.934105760223133e-10,9.962034530630604e-10,NA,NA,NA,NA,NA
13,9.606682853727233e-13,5.709738957193622e-07,1.0,1.10930660213171e-08,1.1124908994020188e-08,NA,NA,NA,NA,NA
14,1.8733332751708076e-07,0.00024112324172165245,1.0,8.27842128181544e-10,1.793553110474022e-07,NA,NA,NA,NA,NA
15,3.2603372801531805e-06,0.001192422118037939,1.0,5.942032998973446e-07,3.864980953949271e-06,NA,NA,NA,NA,NA
16,2.9841950777154125e-07,0.0004529514699243009,1.0,1.1589770920750198e-08,3.103666870174493e-07,NA,NA,NA,NA,NA
17,7.944115054669965e-08,0.0002115269162459299,1.0,1.655684339629815e-10,7.980110439120836e-08,NA,NA,NA,NA,NA
18,1.0403326200503216e-08,8.185304614016786e-05,1.0,8.443968191329532e-09,1.883567612992465e-08,NA,NA,NA,NA,NA
19,3.58434837366417e-09,4.657349199987948e-05,1.0,0.0,3.591193120655589e-09,NA,NA,NA,NA,NA
20,3.6853861629104756e-10,1.561462522658985e-05,1.0,6.126029017394785e-09,6.510635142120691e-09,NA,NA,NA,NA,NA
21,1.3218848238238934e-10,9.054633665073197e-06,1.0,4.967052880111567e-10,6.30385854627491e-10,NA,NA,NA,NA,NA
22,3.616291988084441e-11,4.942770829075016e-06,1.0,1.9868211520446266e-09,2.0285597646108045e-09,NA,NA,NA,NA,NA
23,1.248080805371643e-11,2.9133102543710265e-06,1.0,1.4901154754554113e-09,1.5067110892275082e-09,NA,NA,NA,NA,NA
24,2.5724230037771356e-11,3.500480033835629e-06,1.0,1.8046874217247932e-08,1.8122744194215556e-08,NA,NA,NA,NA,NA
25,4.800484898481727e-09,4.683279985329136e-05,1.0,3.31136867925963e-10,5.032168459706554e-09,NA,NA,NA,NA,NA
26,1.4014619864610722e-07,0.00026561939739622176,1.0,6.622736803407747e-10,1.3633879802910087e-07,NA,NA,NA,NA,NA
27,1.1655545222311048e-06,0.0008217694121412933,1.0,1.6438571392995982e-08,1.1851033150378498e-06,NA,NA,NA,NA,NA
28,2.9678098201202374e-08,0.00012227208935655653,1.0,2.0879916462490655e-07,2.3911542257337715e-07,NA,NA,NA,NA,NA
29,1.557398832119361e-07,0.0002842207904905081,1.0,1.4735547004818272e-08,1.70779898667206e-07,NA,NA,NA,NA,NA
30,1.5240009076933347e-07,0.0003090635873377323,1.0,4.635914319095491e-09,1.5733807856577187e-07,NA,NA,NA,NA,NA
31,7.790005440710956e-08,0.00021332973847165704,1.0,6.670036967193482e-09,8.475021218146139e-08,NA,NA,NA,NA,NA
32,5.2906404590657985e-08,0.000176858578925021,1.0,3.997293163138238e-09,5.66574023252997e-08,NA,NA,NA,NA,NA
33,4.1533539274496434e-08,0.00016344580217264593,1.0,3.1458000648854068e-09,4.478379622696593e-08,NA,NA,NA,NA,NA
34,1.3849718705216674e-08,9.254950418835506e-05,1.0,6.7882992560441835e-09,2.0575884107643105e-08,NA,NA,NA,NA,NA
35,1.2407150506987819e-07,0.00029146988526917994,1.0,1.655684339629815e-10,1.244510485776118e-07,NA,NA,NA,NA,NA
36,3.538463388963464e-08,0.0001532584137748927,1.0,1.5728916835655582e-08,5.1104812825997215e-08,NA,NA,NA,NA,NA
37,2.878043972032174e-07,0.0004242249415256083,1.0,1.1258614485143426e-08,2.9769739740004297e-07,NA,NA,NA,NA,NA
38,2.0404446843258484e-07,0.0003529157838784158,1.0,8.940688189795765e-09,2.134070342663108e-07,NA,NA,NA,NA,NA
39,1.7899458271131152e-07,0.0003359520633239299,1.0,1.1424216239674934e-08,1.9079395485732675e-07,NA,NA,NA,NA,NA
0,1.2352734302112367e-05,0.0024982918985188007,1.0,1.8842520148609765e-06,1.4272788575908635e-05,NA,NA,NA,NA,NA
1,1.1075601236143484e-07,0.00024098641006276011,1.0,5.341707947081886e-07,6.463018280555843e-07,NA,NA,NA,NA,NA
2,1.1219214446356318e-09,2.477560337865725e-05,1.0,1.82361752365523e-08,1.938720117777848e-08,NA,NA,NA,NA,NA
3,1.3444266533380045e-10,9.077921276912093e-06,1.0,6.73859972266655e-08,6.770828520075156e-08,NA,NA,NA,NA,NA
4,4.542815082442253e-11,5.194561708776746e-06,1.0,3.175815947997762e-07,3.1846425940784684e-07,NA,NA,NA,NA,NA
5,6.711436406625637e-10,1.3097943337925244e-05,1.0,2.3179578256815603e-09,2.9972555548596347e-09,NA,NA,NA,NA,NA
6,2.6224418547826644e-07,5.070218685432337e-05,1.0,1.1826315482466043e-09,2.6330323521506216e-07,NA,NA,NA,NA,NA
7,1.1877591532538645e-07,0.00023408638662658632,1.0,1.837801555382157e-08,1.3752790550825011e-07,NA,NA,NA,NA,NA
8,1.1768475083329122e-09,2.4773691620794125e-05,1.0,2.3841815632863472e-08,2.5087977917337412e-08,NA,NA,NA,NA,NA
9,5.4668634202892363e-11,5.959977443126263e-06,1.0,2.814663169203868e-09,2.8773083915467623e-09,NA,NA,NA,NA,NA
10,3.219221113640036e-12,1.3129948683854309e-06,1.0,4.96705077068782e-09,4.984114010397889e-09,NA,NA,NA,NA,NA
11,1.489092865940983e-13,2.86019314899022e-07,1.0,1.0265235772521919e-08,1.0293979890718674e-08,NA,NA,NA,NA,NA
12,6.437268287049023e-15,5.7438690248545754e-08,1.0,1.3245473606815494e-09,1.3282430710859217e-09,NA,NA,NA,NA,NA
13,6.579306712578504e-16,2.0197106209707272e-08,1.0,1.8212527042038573e-09,1.8263262013817894e-09,NA,NA,NA,NA,NA
14,9.957547274354144e-17,8.164183995518215e-09,1.0,1.324547471703852e-09,1.3282370758815887e-09,NA,NA,NA,NA,NA
15,1.1023546510279806e-17,2.599795267954619e-09,1.0,1.1589790238630826e-09,1.16220744139639e-09,NA,NA,NA,NA,NA
16,2.321642034988295e-18,1.2321783593449709e-09,1.0,2.3179578256815603e-09,2.3244144387035703e-09,NA,NA,NA,NA,NA
17,4.719610816831425e-19,5.57923041100139e-10,1.0,1.0761916691137685e-08,1.0791894489159404e-08,NA,NA,NA,NA,NA
18,1.827016921841887e-20,1.0042664616571884e-10,1.0,6.622736803407747e-10,6.641184269184919e-10,NA,NA,NA,NA,NA
19,4.769762518876574e-21,5.327286875522752e-11,1.0,4.967052880111567e-10,4.980888479444445e-10,NA,NA,NA,NA,NA
20,5.3687042902631875e-21,6.006796449131713e-11,1.0,5.13261699808254e-09,5.146914006104453e-09,NA,NA,NA,NA,NA
21,2.119052552427593e-21,3.6835073186081146e-11,1.0,2.5497385536255024e-08,2.5568409611764764e-08,NA,NA,NA,NA,NA
22,4.7785280484302215e-20,1.6807041869348893e-10,1.0,6.622736803407747e-10,6.641184269184919e-10,NA,NA,NA,NA,NA
23,3.450371701739047e-19,4.0250630606308846e-10,1.0,9.271817091871526e-09,9.297644432137986e-09,NA,NA,NA,NA,NA
24,1.1686523102388238e-15,1.901287838279586e-08,1.0,3.31136867925963e-10,3.3206046246014864e-10,NA,NA,NA,NA,NA
25,2.361557824293037e-11,2.3346040052274475e-06,1.0,1.655684339629815e-10,1.8840777549211651e-10,NA,NA,NA,NA,NA
26,1.0780204320326447e-06,0.0006145886145532131,1.0,2.48352538534391e-09,1.082652602235612e-06,NA,NA,NA,NA,NA
27,3.7760943882858555e-07,0.0004631386254914105,1.0,3.1292412216998855e-08,4.0991241689880553e-07,NA,NA,NA,NA,NA
28,3.24109663552008e-08,0.00014280879986472428,1.0,2.185502623319735e-08,5.44100728916419e-08,NA,NA,NA,NA,NA
29,3.6772747069591105e-09,4.95838321512565e-05,1.0,3.252226221661658e-08,3.40677601684547e-08,NA,NA,NA,NA,NA
30,2.806705090563355e-09,4.4288750359555706e-05,1.0,2.4835264955669345e-09,5.3004471922690755e-09,NA,NA,NA,NA,NA
31,4.336855319309052e-09,5.252295159152709e-05,1.0,2.8146592612188215e-08,3.2571922048418855e-08,NA,NA,NA,NA,NA
32,2.8620339431739694e-10,1.3545649380830582e-05,1.0,7.947283720000087e-09,8.254191108392206e-09,NA,NA,NA,NA,NA
33,2.3570928542326897e-10,1.205774606205523e-05,1.0,1.655684256363088e-09,1.8965424786188123e-09,NA,NA,NA,NA,NA
34,1.0980832215734537e-10,7.906956852821168e-06,1.0,2.6325187363340774e-08,2.650765296152713e-08,NA,NA,NA,NA,NA
35,7.144639369016659e-08,0.00016223157581407577,1.0,1.324547471703852e-09,7.262483592285207e-08,NA,NA,NA,NA,NA
36,8.030071967368713e-07,0.0007280693389475346,1.0,7.687101621911552e-09,8.125662134261802e-07,NA,NA,NA,NA,NA
37,2.3750376954012609e-07,0.0003952075494453311,1.0,1.1721897408278892e-07,3.5447189361548226e-07,NA,NA,NA,NA,NA
38,1.3298894430135988e-07,0.00029319082386791706,1.0,7.947281943643247e-09,1.4038747053746192e-07,NA,NA,NA,NA,NA
39,7.18271948585425e-08,0.00020611622312571853,1.0,2.4693299849332107e-08,9.673804868270963e-08,NA,NA,NA,NA,NA
0,1.3767021300736815e-05,0.002596490550786257,1.0,9.360115313938877e-07,1.4739321159140673e-05,NA,NA,NA,NA,NA
1,1.1685484224699394e-07,0.0002423746045678854,1.0,6.902091627125628e-07,8.093070960057958e-07,NA,NA,NA,NA,NA
2,2.943909338526396e-09,4.1421975765842944e-05,1.0,4.884244120262338e-08,5.192703511625041e-08,NA,NA,NA,NA,NA
3,5.058764518395265e-10,1.786610300769098e-05,1.0,4.652461171872346e-08,4.7161009320007e-08,NA,NA,NA,NA,NA
4,1.7889123515857364e-10,1.0392220247013029e-05,1.0,4.271614173489979e-08,4.301426059782898e-08,NA,NA,NA,NA,NA
5,3.4309739077587054e-11,4.619361334334826e-06,1.0,9.461049721437575e-09,9.498037911725987e-09,NA,NA,NA,NA,NA
6,7.184773175711312e-12,2.1050404939160217e-06,1.0,4.5862194042456395e-08,4.5997133213404595e-08,NA,NA,NA,NA,NA
7,1.5213843639755309e-12,9.862010301731061e-07,1.0,1.076193179017082e-08,1.0793434590539164e-08,NA,NA,NA,NA,NA
8,3.083351716309801e-13,4.1941504491660453e-07,1.0,6.29148004804847e-08,6.309034716878159e-08,NA,NA,NA,NA,NA
9,9.770735110749273e-15,7.33957037368782e-08,1.0,6.953870368420212e-09,6.973248645181229e-09,NA,NA,NA,NA,NA
10,4.2627708635114994e-16,1.5254679297527218e-08,1.0,4.801481878757841e-09,4.814856513490895e-09,NA,NA,NA,NA,NA
11,2.8428880781912377e-17,4.053690272343147e-09,1.0,5.463754781942498e-09,5.4789741632532696e-09,NA,NA,NA,NA,NA
12,2.2567459936207534e-18,1.1640208796848128e-09,1.0,1.8212527042038573e-09,1.826325868314882e-09,NA,NA,NA,NA,NA
13,1.976448941268924e-19,3.29303084800614e-10,1.0,1.8212525931815549e-09,1.826325646270277e-09,NA,NA,NA,NA,NA
14,1.6895299720714837e-20,1.0302798197914242e-10,1.0,1.9868209300000217e-09,1.992355391777778e-09,NA,NA,NA,NA,NA
15,8.154923949973918e-22,2.1089083604430847e-11,1.0,9.934105760223133e-10,9.96177695888889e-10,NA,NA,NA,NA,NA
16,3.039444149126194e-23,4.3238850000459905e-12,1.0,1.7715770184167923e-08,1.7765117377166462e-08,NA,NA,NA,NA,NA
17,6.380625701233253e-24,1.860286013774526e-12,1.0,2.1523884896623713e-09,2.158384138084557e-09,NA,NA,NA,NA,NA
18,1.5935971431215307e-25,2.994615189502725e-13,1.0,2.9802307288662178e-09,2.988532088465945e-09,NA,NA,NA,NA,NA
19,2.3757079258139377e-26,1.26041985550919e-13,1.0,3.311365626146312e-09,3.3205895810795028e-09,NA,NA,NA,NA,NA
20,1.1994163218466965e-26,8.84218642315665e-14,1.0,6.457165468987114e-09,6.475151970164461e-09,NA,NA,NA,NA,NA
21,1.0728331125450877e-27,2.4437371478605238e-14,1.0,1.3245417207485843e-08,1.3282312139040187e-08,NA,NA,NA,NA,NA
22,5.095579706023569e-28,1.8069113506867865e-14,1.0,5.496764288182021e-08,5.5120754183235476e-08,NA,NA,NA,NA,NA
23,1.7517212609000506e-26,9.749316019205465e-14,1.0,0.0,1.750871540608587e-26,NA,NA,NA,NA,NA
24,3.7554654002395395e-26,1.4803913303551575e-13,1.0,1.4901154754554113e-09,1.4942662662775774e-09,NA,NA,NA,NA,NA
25,2.795780161632804e-23,3.2628663226147436e-12,1.0,1.655684339629815e-10,1.6602963448519859e-10,NA,NA,NA,NA,NA
26,6.528165228959842e-19,4.538618925131743e-10,1.0,1.4901158085223187e-09,1.4942665993444848e-09,NA,NA,NA,NA,NA
27,1.8887091073338524e-06,0.00043125764932483435,1.0,1.6391179968877623e-08,1.8351698827245855e-06,NA,NA,NA,NA,NA
28,5.080100891063921e-06,0.0016076943138614297,1.0,8.958767807598633e-07,5.992365004203748e-06,NA,NA,NA,NA,NA
29,5.1590077987384575e-08,0.00016382703324779868,1.0,3.9736388401934164e-08,9.157724889519159e-08,NA,NA,NA,NA,NA
30,6.696971865949308e-10,1.8098171494784765e-05,1.0,2.168943069591478e-08,2.2421170697839443e-08,NA,NA,NA,NA,NA
31,7.804692656043777e-12,2.1404971448646393e-06,1.0,3.74184168094871e-08,3.753046229348911e-08,NA,NA,NA,NA,NA
32,4.0725024264345877e-13,4.4793060283154773e-07,1.0,8.940680196189987e-09,8.965991504794601e-09,NA,NA,NA,NA,NA
33,5.957900578462292e-15,5.583643414297512e-08,1.0,6.859262935421384e-09,6.807219676829845e-09,NA,NA,NA,NA,NA
34,3.457807131071564e-16,1.5418926579968684e-08,1.0,2.8974364241207695e-08,2.9055073014205846e-08,NA,NA,NA,NA,NA
35,2.7279855773543542e-17,3.5340825821350563e-09,1.0,1.1589790238630826e-09,1.16220744139639e-09,NA,NA,NA,NA,NA
36,2.0943143978900936e-18,1.2321331732678686e-09,1.0,1.4238868750737765e-08,1.4278531246247894e-08,NA,NA,NA,NA,NA
37,6.341967907049921e-19,6.082329084833304e-10,1.0,5.9604587931971764e-09,5.977061956485841e-09,NA,NA,NA,NA,NA
38,1.01072867852492e-20,7.1666041157048e-11,1.0,1.2748725630729041e-08,1.2784237668483911e-08,NA,NA,NA,NA,NA
39,5.7087624608051245e-22,1.89637194836223e-11,1.0,8.27842128181544e-10,8.301481169148417e-10,NA,NA,NA,NA,NA
0,0.1423480063676834,0.2692675292491913,0.9470751881599426,0.2946805953979492,0.437997430562973,NA,NA,NA,NA,NA
1,0.06609493494033813,0.19643138349056244,1.0,0.02501632831990719,0.09118445962667465,NA,NA,NA,NA,NA
2,0.038548775017261505,0.15458959341049194,1.0,0.013647511601448059,0.05226998031139374,NA,NA,NA,NA,NA
3,0.020865118131041527,0.11107700318098068,1.0,0.009671885520219803,0.03056366555392742,NA,NA,NA,NA,NA
4,0.014084670692682266,0.09360132366418839,1.0,0.004756283015012741,0.01884585991501808,NA,NA,NA,NA,NA
5,0.008186865597963333,0.07104632258415222,1.0,0.0036676900926977396,0.011871596798300743,NA,NA,NA,NA,NA
6,0.005434980150312185,0.056326426565647125,1.0,0.0025148645509034395,0.007963873445987701,NA,NA,NA,NA,NA
7,0.003439009888097644,0.045551445335149765,1.0,0.0011711084516718984,0.004604978021234274,NA,NA,NA,NA,NA
8,0.00259365770034492,0.03867397829890251,1.0,0.0014590997016057372,0.004060880281031132,NA,NA,NA,NA,NA
9,0.001757734571583569,0.03266026824712753,1.0,0.0009301171521656215,0.002687133615836501,NA,NA,NA,NA,NA
10,0.0013124060351401567,0.027331631630659103,1.0,0.0008220819872803986,0.0021374004427343607,NA,NA,NA,NA,NA
11,0.0010613462654873729,0.024625224992632866,1.0,0.0008268962264992297,0.0018876877147704363,NA,NA,NA,NA,NA
12,0.0008460405515506864,0.02126414328813553,1.0,0.000865701527800411,0.0017150792991742492,NA,NA,NA,NA,NA
13,0.0005846458370797336,0.01810195855796337,1.0,0.000707000435795635,0.0012941908789798617,NA,NA,NA,NA,NA
14,0.0004736770351883024,0.01508363801985979,1.0,0.0002653376723174006,0.0007403561612591147,NA,NA,NA,NA,NA
15,0.00046047306386753917,0.014254130423069,1.0,0.0004006327944807708,0.000862127635627985,NA,NA,NA,NA,NA
16,0.00037261287798173726,0.012676017358899117,1.0,0.00016024563228711486,0.0005315532325766981,NA,NA,NA,NA,NA
17,0.0002206970239058137,0.009897196665406227,1.0,0.00023350973788183182,0.0004549245350062847,NA,NA,NA,NA,NA
18,0.0002295893500559032,0.010118251666426659,1.0,0.00020209551439620554,0.00043240998638793826,NA,NA,NA,NA,NA
19,0.0001976297062356025,0.008230798877775669,1.0,9.691318700788543e-05,0.0002947383327409625,NA,NA,NA,NA,NA
20,0.0001308411156060174,0.007063773926347494,1.0,0.00011618810094660148,0.00024733543978072703,NA,NA,NA,NA,NA
21,0.00016993051394820213,0.007098595146089792,1.0,0.00013186241267248988,0.00030209191027097404,NA,NA,NA,NA,NA
22,0.00011077147792093456,0.005890136118978262,1.0,0.00011065883882110938,0.00022151599114295095,NA,NA,NA,NA,NA
23,0.00010359789303038269,0.005271517671644688,1.0,7.522262603743002e-05,0.0001791517570381984,NA,NA,NA,NA,NA
24,0.00013390400272328407,0.004916935693472624,1.0,7.207245653262362e-05,0.00020639451395254582,NA,NA,NA,NA,NA
25,9.813348151510581e-05,0.004448474384844303,1.0,5.087803947390057e-05,0.00014933967031538486,NA,NA,NA,NA,NA
26,0.00010734848183346912,0.005365810822695494,1.0,6.201276846695691e-05,0.00016976217739284039,NA,NA,NA,NA,NA
27,6.87448336975649e-05,0.004018343519419432,1.0,4.803995761903934e-05,0.00011695003195200115,NA,NA,NA,NA,NA
28,8.786523540038615e-05,0.0036610830575227737,1.0,0.0004956873599439859,0.0005850973539054394,NA,NA,NA,NA,NA
29,0.00011290705879218876,0.004322268068790436,1.0,0.00018605831428430974,0.00029886839911341667,NA,NA,NA,NA,NA
30,3.129295146209188e-05,0.0024542026221752167,1.0,4.608118979376741e-05,7.757860294077545e-05,NA,NA,NA,NA,NA
31,8.909678581403568e-05,0.0029551840852946043,1.0,4.057371188537218e-05,0.00012990138202439994,NA,NA,NA,NA,NA
32,6.53310416964814e-05,0.003011991735547781,1.0,8.767790131969377e-05,0.00015322619583457708,NA,NA,NA,NA,NA
33,4.202492709737271e-05,0.0025057026650756598,1.0,0.0004646969318855554,0.0005076992674730718,NA,NA,NA,NA,NA
34,0.00011257245932938531,0.004451002925634384,1.0,2.8948405088158324e-05,0.00014188903151080012,NA,NA,NA,NA,NA
35,5.084878284833394e-05,0.0029524846468120813,1.0,4.0836141124600545e-05,9.177046013064682e-05,NA,NA,NA,NA,NA
36,3.773978096432984e-05,0.0030578740406781435,1.0,2.035774741671048e-05,5.8146732044406235e-05,NA,NA,NA,NA,NA
37,3.659077992779203e-05,0.0033042181748896837,1.0,1.5891191651462577e-05,5.260549733066e-05,NA,NA,NA,NA,NA
38,4.683883526013233e-05,0.0024769871961325407,1.0,1.025070741889067e-05,5.7243720220867544e-05,NA,NA,NA,NA,NA
39,2.3283433620235883e-05,0.0015971913235262036,1.0,0.0001320723386015743,0.00015577476006001234,NA,NA,NA,NA,NA
0,0.00023068148584570736,0.009533697739243507,1.0,3.925355485989712e-05,0.00027024702285416424,NA,NA,NA,NA,NA
1,6.772256165277213e-05,0.003355455817654729,1.0,1.08462018033606e-05,7.866018131608143e-05,NA,NA,NA,NA,NA
2,4.985628402209841e-05,0.004285500850528479,1.0,3.7573602185148047e-06,5.354157474357635e-05,NA,NA,NA,NA,NA
3,1.6522943042218685e-05,0.0022313150111585855,1.0,1.7541817669552984e-06,1.8314587578061037e-05,NA,NA,NA,NA,NA
4,2.3241093003889546e-05,0.0029044842813163996,1.0,4.015736067231046e-06,2.7313730242894962e-05,NA,NA,NA,NA,NA
5,1.3991151718073525e-05,0.002070481888949871,1.0,9.019817071020952e-07,1.493159925303189e-05,NA,NA,NA,NA,NA
6,2.2563364836969413e-05,0.0020090327598154545,1.0,5.555467396334279e-06,2.729067455220502e-05,NA,NA,NA,NA,NA
7,3.1012390536488965e-05,0.0023063640110194683,1.0,2.1885809928789968e-06,3.329091123305261e-05,NA,NA,NA,NA,NA
8,7.696779903199058e-06,0.0016297074034810066,1.0,3.607912049119477e-07,8.07006290415302e-06,NA,NA,NA,NA,NA
9,6.933977942935599e-07,0.0005912706255912781,1.0,6.658939923909202e-07,1.3627668522531167e-06,NA,NA,NA,NA,NA
10,3.2948184980341466e-06,0.0008500820840708911,1.0,3.168913451645494e-07,3.6135413665761007e-06,NA,NA,NA,NA,NA
11,4.864289439865388e-05,0.004575632978230715,1.0,1.768953893588332e-06,5.054536086390726e-05,NA,NA,NA,NA,NA
12,5.881706783839036e-06,0.00189697474706918,1.0,1.069890231519821e-06,6.957600817258935e-06,NA,NA,NA,NA,NA
13,3.3458003599662334e-05,0.0026821959763765335,1.0,9.70760993368458e-07,3.450990334386006e-05,NA,NA,NA,NA,NA
14,5.005451839679154e-06,0.001574592781253159,1.0,2.764351393125253e-06,7.789908522681799e-06,NA,NA,NA,NA,NA
15,2.672608843568014e-06,0.0008314817096106708,1.0,6.835315161879407e-06,9.534160199109465e-06,NA,NA,NA,NA,NA
16,1.2427739193299203e-07,0.00024420098634436727,1.0,1.3525866506824968e-06,1.4808940704824636e-06,NA,NA,NA,NA,NA
17,1.183782458724636e-07,0.00014387414557859302,1.0,5.149161452777662e-08,1.7029107368671248e-07,NA,NA,NA,NA,NA
18,5.915886958973715e-06,0.001808217610232532,1.0,1.4789673059567576e-06,7.400212780339643e-06,NA,NA,NA,NA,NA
19,2.169417939512641e-06,0.0010351096279919147,1.0,2.3203213572742243e-08,2.184473032684764e-06,NA,NA,NA,NA,NA
20,1.9588387090152537e-07,0.00033695108140818775,1.0,3.3279178524026065e-08,2.2978169056386832e-07,NA,NA,NA,NA,NA
21,6.66877440380631e-07,0.0005292790592648089,1.0,2.814654642691039e-08,6.929344067430065e-07,NA,NA,NA,NA,NA
22,2.1603983668683213e-07,0.0003602748329285532,1.0,1.307989272447685e-08,2.2958033696340863e-07,NA,NA,NA,NA,NA
23,5.231080990597547e-07,0.0004695251409430057,1.0,6.291599685681604e-09,5.3076269068697e-07,NA,NA,NA,NA,NA
24,5.808989556044253e-08,0.00019592094758991152,1.0,6.440563282694711e-08,1.2256653292297415e-07,NA,NA,NA,NA,NA
25,3.4938930184580386e-05,0.004487011581659317,1.0,1.8415563829421444e-07,3.514196214382537e-05,NA,NA,NA,NA,NA
26,5.414361112343613e-06,0.0018734385957941413,1.0,4.4307219582151447e-07,5.871626854059286e-06,NA,NA,NA,NA,NA
27,7.119993483684084e-07,0.0006511755636893213,1.0,2.1948712856101338e-06,2.914328206315986e-06,NA,NA,NA,NA,NA
28,1.5116566487449745e-07,0.00019440185860730708,1.0,5.485010774464172e-07,6.994930572545854e-07,NA,NA,NA,NA,NA
29,7.058259257064492e-07,0.0004459774645511061,1.0,1.7386452100254246e-07,8.81944174579985e-07,NA,NA,NA,NA,NA
30,5.738730237681011e-07,0.0004038962651975453,1.0,1.29401371395943e-07,7.036617262201617e-07,NA,NA,NA,NA,NA
31,4.215477034108517e-08,0.00014745161752216518,1.0,1.1466618161648512e-06,1.1920622000616277e-06,NA,NA,NA,NA,NA
32,1.1223461271470114e-08,7.49253886169754e-05,1.0,2.120814883710409e-07,2.2392254095393582e-07,NA,NA,NA,NA,NA
33,6.825802589816021e-09,6.171577842906117e-05,1.0,1.751433410390746e-05,1.7569956980878487e-05,NA,NA,NA,NA,NA
34,1.3283694215715514e-06,0.0008283786009997129,1.0,9.106246423584707e-09,1.3107976428727852e-06,NA,NA,NA,NA,NA
35,4.818207162315957e-05,0.0054810564033687115,1.0,1.55634154452855e-08,4.831578189623542e-05,NA,NA,NA,NA,NA
36,2.3556879114039475e-06,0.0011505179572850466,1.0,2.757949459919473e-06,5.127260465087602e-06,NA,NA,NA,NA,NA
37,6.891590942359471e-08,0.0001954592007678002,1.0,3.6853157325822394e-07,4.386238572351431e-07,NA,NA,NA,NA,NA
0,0.0001433885918231681,0.008205456659197807,1.0,1.6493626390001737e-05,0.00016031920677050948,NA,NA,NA,NA,NA
1,7.652271960978396e-06,0.0009843457955867052,1.0,1.875402972473239e-06,9.553408744977787e-06,NA,NA,NA,NA,NA
2,5.3266152377773324e-08,0.00017351438873447478,1.0,2.066514213083792e-07,2.6057705326820724e-07,NA,NA,NA,NA,NA
3,6.475412206441433e-09,6.425918400054798e-05,1.0,2.3995374931473634e-07,2.463919770434586e-07,NA,NA,NA,NA,NA
4,7.3871751737897284e-06,0.0010125193512067199,1.0,1.0006141337726149e-06,8.402308594668284e-06,NA,NA,NA,NA,NA
5,3.1446611501451116e-06,0.0009294890332967043,1.0,4.5143835336602933e-07,3.605096253522788e-06,NA,NA,NA,NA,NA
6,9.401045099366456e-05,0.0041110762394964695,1.0,7.846473408790189e-07,9.442590089747682e-05,NA,NA,NA,NA,NA
7,3.236713746446185e-05,0.0027183927595615387,1.0,2.5637880298745586e-06,3.4999247873201966e-05,NA,NA,NA,NA,NA
8,7.771108130327775e-07,0.0005014463094994426,1.0,3.1301792660087813e-06,3.917773938155733e-06,NA,NA,NA,NA,NA
9,4.199615091238229e-07,0.00020568761101458222,1.0,3.010123350577487e-07,7.219643975986401e-07,NA,NA,NA,NA,NA
10,8.851512234286929e-07,0.00018953156541101635,1.0,1.608345598924643e-07,9.479193181505252e-07,NA,NA,NA,NA,NA
11,2.1208096256941644e-07,0.0003600587078835815,1.0,2.39135738411278e-06,2.6106813493242953e-06,NA,NA,NA,NA,NA
12,2.8344238067745664e-09,4.227925819577649e-05,1.0,5.029156682212488e-07,5.063514549874526e-07,NA,NA,NA,NA,NA
13,1.4575061157984237e-09,1.796835749701131e-05,1.0,2.0496564445693366e-07,2.0699772562693397e-07,NA,NA,NA,NA,NA
14,6.165582533412817e-08,0.00010460851626703516,1.0,1.904033908317615e-08,8.091461722870008e-08,NA,NA,NA,NA,NA
15,1.0920272330849912e-07,0.0001685257739154622,1.0,8.576360954748452e-08,1.9548805596514285e-07,NA,NA,NA,NA,NA
16,4.4824904676943333e-08,0.00011525741865625605,1.0,1.4404442971738263e-08,5.930216673277755e-08,NA,NA,NA,NA,NA
17,1.1546026357223127e-08,8.910532051231712e-05,1.0,3.228577227787355e-08,4.3935727944699465e-08,NA,NA,NA,NA,NA
18,5.271644567983458e-06,0.001107694348320365,1.0,1.140759735562824e-07,5.399571364250733e-06,NA,NA,NA,NA,NA
19,5.377841603149136e-07,0.0005114604136906564,1.0,5.531407509806741e-07,1.0915625807683682e-06,NA,NA,NA,NA,NA
20,6.598525033041369e-07,0.00045638371375389397,1.0,2.7815316272494783e-08,6.895363071635074e-07,NA,NA,NA,NA,NA
21,1.1941707178664274e-08,8.076864469330758e-05,1.0,1.473555322206721e-08,2.6749349402166445e-08,NA,NA,NA,NA,NA
22,6.375168171146584e-10,1.968548895092681e-05,1.0,6.390872187012064e-08,6.472455282846568e-08,NA,NA,NA,NA,NA
23,9.418592294974104e-11,6.561700502061285e-06,1.0,5.0663675921214235e-08,5.089921017997767e-08,NA,NA,NA,NA,NA
24,2.828187239956037e-09,1.6348407370969653e-05,1.0,8.609555735006325e-09,1.1456203097282014e-08,NA,NA,NA,NA,NA
25,3.00944009268278e-07,0.0002944899024441838,1.0,1.523158061900176e-07,4.54448866094026e-07,NA,NA,NA,NA,NA
26,1.1819271783508611e-08,8.702375635039061e-05,1.0,8.775122850579464e-09,2.0644449705287116e-08,NA,NA,NA,NA,NA
27,1.9908494852671765e-09,3.715469210874289e-05,1.0,1.5137661790731727e-08,1.6938285440915024e-08,NA,NA,NA,NA,NA
28,2.3791385528326714e-10,1.2309697922319174e-05,1.0,4.013740181108005e-06,4.025159341836115e-06,NA,NA,NA,NA,NA
29,5.7347248477723767e-11,6.211542313394602e-06,1.0,1.6225628840516038e-08,1.632806778673057e-08,NA,NA,NA,NA,NA
30,1.0228492532127209e-11,2.514012294341228e-06,1.0,2.483524719210095e-09,2.5006940962413182e-09,NA,NA,NA,NA,NA
31,3.9404954993438324e-11,4.684499799623154e-06,1.0,0.0,3.8331702395533185e-11,NA,NA,NA,NA,NA
32,8.33110931353076e-08,0.00017588736955076456,1.0,1.258316117969116e-08,9.377805554322549e-08,NA,NA,NA,NA,NA
33,3.0856892863084795e-06,0.0013775668339803815,1.0,1.3576583413055232e-08,3.0875746688252548e-06,NA,NA,NA,NA,NA
34,7.536382781836437e-06,0.0022169470321387053,1.0,3.4769362944331306e-09,7.549045221821871e-06,NA,NA,NA,NA,NA
35,1.1700815321091795e-06,0.0007802856271155179,1.0,1.6722372819799602e-08,1.1897178637809702e-06,NA,NA,NA,NA,NA
36,8.864210343517698e-08,0.00024167000083252788,1.0,6.291598353413974e-09,9.516027432709961e-08,NA,NA,NA,NA,NA
37,5.9216231917957884e-09,5.7750385167310014e-05,1.0,8.940681972546827e-09,1.4902207468026063e-08,NA,NA,NA,NA,NA
38,5.268487868193006e-10,1.8885184545069933e-05,1.0,3.4769369605669453e-09,4.012820298271436e-09,NA,NA,NA,NA,NA
39,2.598505577378063e-10,1.2931968740304e-05,1.0,8.907450421702379e-08,8.958282649018656e-08,NA,NA,NA,NA,NA
0,9.682529343990609e-05,0.006562602706253529,1.0,4.574622380459914e-06,0.00010166059655603021,NA,NA,NA,NA,NA
1,1.0706356761147617e-06,0.0007481136126443744,1.0,8.172622983693145e-06,9.2689624580089e-06,NA,NA,NA,NA,NA
2,2.6529914265438492e-08,0.00012078341387677938,1.0,1.5579807666199486e-07,1.828348246135647e-07,NA,NA,NA,NA,NA
3,8.000183293610519e-10,1.8558723240857944e-05,1.0,1.3481835026141198e-07,1.3594852532605728e-07,NA,NA,NA,NA,NA
4,1.3296899581405341e-08,2.0147695977357216e-05,1.0,1.6707834049611847e-07,1.808428464755707e-07,NA,NA,NA,NA,NA
5,1.4097193412609954e-09,2.3635562683921307e-05,1.0,5.033254879549531e-08,5.18861966725126e-08,NA,NA,NA,NA,NA
6,3.8814697983502455e-11,4.622905180440284e-06,1.0,2.1215979018052167e-07,2.0657554955505475e-07,NA,NA,NA,NA,NA
7,6.250022743271855e-13,5.532713203137973e-07,1.0,1.2152582939961576e-07,1.2186498565824877e-07,NA,NA,NA,NA,NA
8,3.1342035087048026e-14,1.2823696238228877e-07,1.0,2.7318726836256246e-08,2.7394854384965583e-08,NA,NA,NA,NA,NA
9,1.8550112600911007e-15,3.252726443747633e-08,1.0,2.6656456597606848e-08,2.673070831349378e-08,NA,NA,NA,NA,NA
10,2.819849909130312e-10,4.870109023613622e-06,1.0,4.072964898682585e-08,4.112583340543097e-08,NA,NA,NA,NA,NA
11,7.935574072859275e-12,2.0977518033760134e-06,1.0,8.775125515114723e-09,8.807519158438026e-09,NA,NA,NA,NA,NA
12,1.2907598167383183e-12,7.182050580922805e-07,1.0,1.7881362168736814e-08,1.793246440229268e-08,NA,NA,NA,NA,NA
13,4.105419278729698e-14,1.4574202111816703e-07,1.0,2.2848357872362612e-08,2.291204204141195e-08,NA,NA,NA,NA,NA
14,7.930462435698634e-16,2.082702899031119e-08,1.0,2.204420290752296e-08,2.2081890094227674e-08,NA,NA,NA,NA,NA
15,4.104180788999656e-06,0.0006398737314157188,1.0,2.235169560549366e-08,4.12813415096025e-06,NA,NA,NA,NA,NA
16,2.1459584331751103e-06,0.0011122877476736903,1.0,4.517250431490538e-07,2.603640950837871e-06,NA,NA,NA,NA,NA
17,5.456674443848897e-06,0.0014116651145741343,1.0,1.5728987889929158e-08,5.479752871906385e-06,NA,NA,NA,NA,NA
18,7.162774181779241e-06,0.0018126829527318478,1.0,7.720578309999837e-07,7.930795618449338e-06,NA,NA,NA,NA,NA
19,5.398797839006875e-06,0.0014004344120621681,1.0,4.6004238640762196e-08,5.4572660701524e-06,NA,NA,NA,NA,NA
20,1.4757418966837577e-06,0.0008215655107051134,1.0,1.2748583344546205e-07,1.6070938499979093e-06,NA,NA,NA,NA,NA
21,1.3134736036590766e-06,0.000773051637224853,1.0,3.893678126587474e-07,1.7027762169163907e-06,NA,NA,NA,NA,NA
22,1.850898314614824e-07,0.00031069127726368606,1.0,7.119439704439401e-09,1.924628065808065e-07,NA,NA,NA,NA,NA
23,1.1323456838852053e-08,7.549621659563854e-05,1.0,3.6425047422739e-09,1.499702406704273e-08,NA,NA,NA,NA,NA
24,5.186384655075926e-10,1.5388208339572884e-05,1.0,3.476923993162018e-08,3.538604076425145e-08,NA,NA,NA,NA,NA
25,1.6967298677172948e-07,0.00010260085400659591,1.0,2.7649839751120453e-08,1.977821142418179e-07,NA,NA,NA,NA,NA
26,1.1198659777278408e-08,7.592757901875302e-05,1.0,9.437385983801505e-09,2.069197790888211e-08,NA,NA,NA,NA,NA
27,5.658962742849383e-10,1.778107980499044e-05,1.0,2.5331910791237533e-08,2.596986803382606e-08,NA,NA,NA,NA,NA
28,6.054522161402787e-11,6.101149210735457e-06,1.0,1.3079882954514233e-08,1.3176988389318467e-08,NA,NA,NA,NA,NA
29,1.0895974227043137e-11,2.638729483805946e-06,1.0,2.6159653998547583e-08,2.6243435868877896e-08,NA,NA,NA,NA,NA
30,2.227893867653985e-12,1.1996609146081028e-06,1.0,8.443984178541086e-09,8.46973868817713e-09,NA,NA,NA,NA,NA
31,3.2354078183943757e-13,4.263664834525116e-07,1.0,2.9967672787734045e-08,3.005147419798959e-08,NA,NA,NA,NA,NA
32,1.6524168101536563e-13,3.072959486871696e-07,1.0,2.6325265523041708e-08,2.6398756958201375e-08,NA,NA,NA,NA,NA
33,2.4501930635779066e-14,1.2678111716013518e-07,1.0,2.797830518375122e-07,2.805624319535127e-07,NA,NA,NA,NA,NA
34,1.5825955116169875e-14,9.527921918106586e-08,1.0,9.437389536515184e-09,9.463692940414603e-09,NA,NA,NA,NA,NA
35,1.4390542590566636e-14,9.383267496332337e-08,1.0,4.801480546490211e-09,4.814868947988771e-09,NA,NA,NA,NA,NA
36,2.2469621399068274e-05,0.0033250870183110237,1.0,2.068965159196523e-06,2.455933099554386e-05,NA,NA,NA,NA,NA
37,2.2694905510434182e-06,0.0010997502831742167,1.0,6.555773097716155e-07,2.93112566396303e-06,NA,NA,NA,NA,NA
38,1.2914868818825198e-07,0.00025679575628601015,1.0,5.033241023966184e-08,1.7991868617173168e-07,NA,NA,NA,NA,NA
39,4.938553566091741e-09,5.583898746408522e-05,1.0,5.266012408355891e-07,5.33019431259163e-07,NA,NA,NA,NA,NA
0,4.8565420001978055e-05,0.004766502883285284,1.0,5.594803496933309e-06,5.43067253602203e-05,NA,NA,NA,NA,NA
1,3.3639534535723215e-07,0.0004304249887354672,1.0,2.7983097083961184e-07,6.178664193612349e-07,NA,NA,NA,NA,NA
2,4.82544404434293e-09,5.1199840527260676e-05,1.0,6.837964861006185e-08,7.324199913227858e-08,NA,NA,NA,NA,NA
3,1.986710129742164e-09,1.850384069257416e-05,1.0,1.8408072719466873e-06,1.8479250911696e-06,NA,NA,NA,NA,NA
4,1.5972848359524505e-06,0.00023911704192869365,1.0,1.5589042959618382e-05,1.7233702237717807e-05,NA,NA,NA,NA,NA
5,4.549492587102577e-07,0.0004979410441592336,1.0,1.1059844950978004e-07,5.670791551892762e-07,NA,NA,NA,NA,NA
6,1.2901523405162152e-08,8.560223795939237e-05,1.0,4.95042300485693e-08,6.257732110270808e-08,NA,NA,NA,NA,NA
7,1.1877393513159973e-09,2.832117934303824e-05,1.0,1.4205052423221787e-07,1.4363649825099856e-07,NA,NA,NA,NA,NA
8,2.9459137906862054e-10,1.2366347618808504e-05,1.0,3.971407750213984e-06,3.982765520049725e-06,NA,NA,NA,NA,NA
9,2.2037049268730513e-11,3.578064706744044e-06,1.0,1.655684339629815e-10,1.8807749802007834e-10,NA,NA,NA,NA,NA
10,5.120297519312089e-10,1.2090220479876734e-05,1.0,4.635909434114183e-09,5.141751024950736e-09,NA,NA,NA,NA,NA
11,1.4037226492291666e-06,0.0008652935503050685,1.0,2.3416106831319894e-09,1.4075357057663496e-06,NA,NA,NA,NA,NA
12,1.9878652892657556e-05,0.003125264775007963,1.0,1.85426433745306e-05,3.852510417345911e-05,NA,NA,NA,NA,NA
13,9.0930001306333e-07,0.0007688035257160664,1.0,3.6356684063321154e-07,1.2755701845890144e-06,NA,NA,NA,NA,NA
14,8.413270080609436e-08,0.00022025527141522616,1.0,4.801481878757841e-09,8.916609317566326e-08,NA,NA,NA,NA,NA
15,6.2078515661312395e-09,6.019372813170776e-05,1.0,1.324547027614642e-09,7.533881074550663e-09,NA,NA,NA,NA,NA
16,5.163595329094051e-09,5.933273132541217e-05,1.0,1.2748730959799559e-08,1.7957514586441903e-08,NA,NA,NA,NA,NA
17,1.492358792098969e-09,3.0475437597488053e-05,1.0,4.470344983076302e-09,5.977636607923387e-09,NA,NA,NA,NA,NA
18,5.652560641777882e-10,1.8526368876337074e-05,1.0,1.9702509845842542e-08,2.032319557088158e-08,NA,NA,NA,NA,NA
19,1.4297807382490646e-10,8.170835826604161e-06,1.0,2.2020525847210592e-08,2.2225231433026238e-08,NA,NA,NA,NA,NA
20,1.3993177450100092e-10,8.384571628994308e-06,1.0,9.934105760223133e-10,1.1348896267193709e-09,NA,NA,NA,NA,NA
21,1.5240722859743983e-05,0.0028824424371123314,1.0,2.585225722384621e-08,1.5305442502722144e-05,NA,NA,NA,NA,NA
22,1.2269090348127065e-06,0.0008103408617898822,1.0,2.516516133255209e-07,1.4784790209887433e-06,NA,NA,NA,NA,NA
23,3.7750684356296915e-08,0.00015376321971416473,1.0,9.009237089685485e-08,1.2815880268135516e-07,NA,NA,NA,NA,NA
24,1.7867822776906905e-09,3.294537964393385e-05,1.0,1.6842791410454083e-06,1.4933765442037839e-06,NA,NA,NA,NA,NA
25,3.7876060621222507e-10,1.6304074961226434e-05,1.0,1.4238845658098853e-08,1.4657890012870212e-08,NA,NA,NA,NA,NA
26,4.673607334471086e-11,5.535849595617037e-06,1.0,1.089413785848592e-07,1.0895954005718522e-07,NA,NA,NA,NA,NA
27,2.6868110167277415e-11,4.120233370485948e-06,1.0,2.500072682209975e-08,2.5097300238030584e-08,NA,NA,NA,NA,NA
28,1.6078701037258725e-08,5.6585333368275315e-05,1.0,1.0052363386137131e-08,2.5705359618655166e-08,NA,NA,NA,NA,NA
29,8.589469580044806e-09,6.813160143792629e-05,1.0,6.804700802831576e-08,7.684011649189415e-08,NA,NA,NA,NA,NA
30,1.2999088472298581e-09,2.77098297374323e-05,1.0,1.6556835902292732e-09,2.9616555874412143e-09,NA,NA,NA,NA,NA
31,1.3815060206923135e-09,2.9083281333441846e-05,1.0,1.324547249659247e-09,2.699931389571475e-09,NA,NA,NA,NA,NA
32,1.5945910147863174e-09,2.965117892017588e-05,1.0,3.9901447479451235e-08,4.161114119938247e-08,NA,NA,NA,NA,NA
33,2.240806845632548e-10,1.190456168842502e-05,1.0,1.556338524721923e-08,1.5831304267521773e-08,NA,NA,NA,NA,NA
34,1.3210247999662084e-11,2.7609933113126317e-06,1.0,8.27842128181544e-10,8.433820308795248e-10,NA,NA,NA,NA,NA
35,4.435485607245937e-06,0.0015224558301270008,1.0,9.602950434839386e-09,4.45650948677212e-06,NA,NA,NA,NA,NA
36,2.5912837372743525e-05,0.0034150751307606697,1.0,1.9759311271627666e-06,2.795172986225225e-05,NA,NA,NA,NA,NA
37,2.5824699605436763e-06,0.0011555284727364779,1.0,1.8123549807569361e-06,4.406798780109966e-06,NA,NA,NA,NA,NA
38,5.4517432346301575e-08,0.00018123647896572948,1.0,1.721910614094213e-08,7.190238449084063e-08,NA,NA,NA,NA,NA
39,1.6081377340881886e-09,2.8975106033612974e-05,1.0,3.799484318278701e-07,3.8261913459791685e-07,NA,NA,NA,NA,NA
0,5.4923635616432875e-05,0.0051577454432845116,1.0,1.037229139910778e-05,6.545948417624459e-05,NA,NA,NA,NA,NA
1,5.716394184673845e-07,0.0005490067414939404,1.0,1.2509836778917816e-05,1.311789128521923e-05,NA,NA,NA,NA,NA
2,6.639592875501421e-09,6.208395643625408e-05,1.0,1.4238875856165123e-08,2.093324624752313e-08,NA,NA,NA,NA,NA
3,6.0031507542746e-10,1.915676511998754e-05,1.0,1.1241797182037772e-07,1.1333243321587361e-07,NA,NA,NA,NA,NA
4,1.97994704649318e-05,0.0008070748881436884,1.0,1.0539492478756074e-07,1.994365084101446e-05,NA,NA,NA,NA,NA
5,2.2969670681050047e-06,0.0010668720351532102,1.0,9.14162825438325e-08,2.3948311991262017e-06,NA,NA,NA,NA,NA
6,2.9506104226584284e-08,0.00012058538413839415,1.0,8.626091130281566e-08,1.1608341310420656e-07,NA,NA,NA,NA,NA
7,1.388708037453057e-09,2.602364111226052e-05,1.0,2.764987883097092e-08,2.9110607258076016e-08,NA,NA,NA,NA,NA
8,1.434164176306041e-10,9.321881407231558e-06,1.0,4.959947119687058e-08,4.978610945727269e-08,NA,NA,NA,NA,NA
9,6.573073960680631e-07,7.924342207843438e-05,1.0,4.957554722295754e-08,7.053648118926503e-07,NA,NA,NA,NA,NA
10,5.343691100279102e-06,0.0014132092474028468,1.0,2.5484692400823405e-07,5.612452241621213e-06,NA,NA,NA,NA,NA
11,4.015724641703855e-07,0.00046058098087087274,1.0,7.901319918346417e-07,1.1948724250032683e-06,NA,NA,NA,NA,NA
12,1.4519471847052046e-08,8.367749978788197e-05,1.0,7.196193791969563e-07,7.36134836643032e-07,NA,NA,NA,NA,NA
13,6.19950368818678e-10,1.8981330867973156e-05,1.0,8.129320860916778e-08,8.214079372237393e-08,NA,NA,NA,NA,NA
14,1.1295481217032943e-10,7.492279110010713e-06,1.0,7.072109298178475e-08,7.100759802369794e-08,NA,NA,NA,NA,NA
15,1.8841318194517953e-07,0.0001252776273759082,1.0,6.374352068405642e-08,2.5277174131588254e-07,NA,NA,NA,NA,NA
16,1.4739354980974895e-07,0.00030013726791366935,1.0,2.9802316170446375e-09,1.5068162895204296e-07,NA,NA,NA,NA,NA
17,1.1040989988941874e-07,0.00026263995096087456,1.0,4.7849052720039253e-08,1.5860240409892867e-07,NA,NA,NA,NA,NA
18,1.5750849513551657e-07,0.0003048045909963548,1.0,5.1822699020931395e-08,2.0932367306158994e-07,NA,NA,NA,NA,NA
19,9.408119581166829e-07,0.0007645144360139966,1.0,4.996010147806373e-07,1.4377268371390528e-06,NA,NA,NA,NA,NA
20,4.143450041738106e-06,0.0017014082986861467,1.0,1.0099650893380385e-08,4.162706773058744e-06,NA,NA,NA,NA,NA
21,9.87629164228565e-07,0.0007637053495272994,1.0,6.953871256598632e-09,9.96002199826762e-07,NA,NA,NA,NA,NA
22,4.1968468167397077e-07,0.0004961647791787982,1.0,4.387529273230939e-08,4.6467766878777184e-07,NA,NA,NA,NA,NA
23,4.029631028856784e-08,0.0001574102498125285,1.0,4.933901465165036e-08,8.984537203104992e-08,NA,NA,NA,NA,NA
24,1.513255520890766e-09,2.7999240046483465e-05,1.0,1.6958921378318337e-08,1.845173436265668e-08,NA,NA,NA,NA,NA
25,2.901165696567176e-10,1.3723485608352348e-05,1.0,7.880948516003627e-08,7.931955536832902e-08,NA,NA,NA,NA,NA
26,4.228966898889297e-10,1.6900801711017266e-05,1.0,1.0099669545127199e-08,1.0551604034958473e-08,NA,NA,NA,NA,NA
27,6.078960251842958e-11,5.885083737666719e-06,1.0,2.0366167063912144e-07,2.0426614355528727e-07,NA,NA,NA,NA,NA
28,6.726563316766798e-12,1.973863390958286e-06,1.0,3.32256661295105e-07,3.331888649427128e-07,NA,NA,NA,NA,NA
29,2.5289874361345e-12,1.2242869615874952e-06,1.0,2.989681746612405e-08,2.955570188589718e-08,NA,NA,NA,NA,NA
30,4.165163494055518e-13,5.059783347860503e-07,1.0,2.152389377840791e-09,2.158801359897211e-09,NA,NA,NA,NA,NA
31,5.044780172487433e-14,1.8261269474351138e-07,1.0,1.4901159195446212e-09,1.4943173365367102e-09,NA,NA,NA,NA,NA
32,7.844412782103544e-14,2.1923500526099815e-07,1.0,8.086684033514757e-08,8.102099258167073e-08,NA,NA,NA,NA,NA
33,1.4799543968796458e-12,9.743461077960092e-07,1.0,1.672234972716069e-08,1.6770414390521182e-08,NA,NA,NA,NA,NA
34,3.405997012206896e-11,4.386207820061827e-06,1.0,3.476935184210106e-09,3.5205758308620716e-09,NA,NA,NA,NA,NA
35,4.005953790908734e-09,4.801089744432829e-05,1.0,8.325717004709077e-09,1.2311764940875491e-08,NA,NA,NA,NA,NA
36,4.7457459118049883e-07,0.00047295703552663326,1.0,1.1258623366927623e-08,4.862183118348185e-07,NA,NA,NA,NA,NA
37,5.811948085465701e-06,0.0016530195716768503,1.0,2.35106636381488e-08,5.850211891811341e-06,NA,NA,NA,NA,NA
38,2.4020914679567795e-07,0.0003400077985133976,1.0,1.2665697113334318e-07,3.678593998301949e-07,NA,NA,NA,NA,NA
39,1.4428346517547652e-08,9.487966599408537e-05,1.0,2.910508669629053e-07,3.0630371838924475e-07,NA,NA,NA,NA,NA
0,3.766004738281481e-05,0.0041302889585494995,1.0,2.998830495926086e-06,4.0768965845927596e-05,NA,NA,NA,NA,NA
1,2.971801222884096e-07,0.0004042765940539539,1.0,2.9648169856955064e-06,3.2709481274650898e-06,NA,NA,NA,NA,NA
2,3.755325383991703e-09,4.234240623190999e-05,1.0,3.3128131349258183e-07,3.359694176197081e-07,NA,NA,NA,NA,NA
3,4.140899081961358e-11,4.9426407713326626e-06,1.0,5.0663796713479314e-08,5.084644527642013e-08,NA,NA,NA,NA,NA
4,1.0100751615324532e-12,7.578767053928459e-07,1.0,2.420472071662516e-07,2.4272236487377086e-07,NA,NA,NA,NA,NA
5,5.998723246651919e-14,1.9161956288371584e-07,1.0,1.274875582879531e-08,1.278432915086114e-08,NA,NA,NA,NA,NA
6,1.4743142077717868e-14,9.232455511209992e-08,1.0,9.082519625280838e-08,8.69986465090733e-08,NA,NA,NA,NA,NA
7,3.919539084300868e-15,5.121682278286244e-08,1.0,3.708721507678092e-08,3.719052443784676e-08,NA,NA,NA,NA,NA
8,2.1493816790415718e-15,3.585778429737729e-08,1.0,3.004751647495141e-07,3.013121272488206e-07,NA,NA,NA,NA,NA
9,1.3523619509765792e-16,9.3172705106781e-09,1.0,2.4503988171886704e-08,2.4572244683440658e-08,NA,NA,NA,NA,NA
10,9.384172970692599e-18,2.4149893196323546e-09,1.0,6.457165913076324e-09,6.475152414253671e-09,NA,NA,NA,NA,NA
11,4.176119756966854e-18,1.7653674078133008e-09,1.0,2.8146622810254485e-09,2.8225024539807464e-09,NA,NA,NA,NA,NA
12,5.123142089871411e-19,5.599264940592263e-10,1.0,2.6490749149843396e-08,2.6564539012952082e-08,NA,NA,NA,NA,NA
13,8.259119889120098e-20,2.4201074477758766e-10,1.0,2.814661170802424e-09,2.8225015658023267e-09,NA,NA,NA,NA,NA
14,3.273033484189569e-20,1.5128528985108858e-10,1.0,7.285005931834121e-09,7.30529814418901e-09,NA,NA,NA,NA,NA
15,1.0905316116804897e-07,0.0001195391159853898,1.0,4.519961649407378e-08,1.5289015209418721e-07,NA,NA,NA,NA,NA
16,1.9470672896204633e-07,0.000352217786712572,1.0,4.9670516588662394e-09,1.9834068609725364e-07,NA,NA,NA,NA,NA
17,2.408647503671091e-07,0.00041547633009031415,1.0,1.1589790238630826e-09,2.422787588329811e-07,NA,NA,NA,NA,NA
18,1.6326841034697281e-07,0.00033189592068083584,1.0,1.970260221639819e-08,1.8241729549117736e-07,NA,NA,NA,NA,NA
19,5.249385992556199e-08,0.00017951108748093247,1.0,2.5781363710564165e-09,5.477446762824911e-08,NA,NA,NA,NA,NA
20,2.9569503112725215e-07,0.0004300310683902353,1.0,2.3179571595477455e-09,2.955336242393969e-07,NA,NA,NA,NA,NA
21,3.3243992447751225e-07,0.0004606085130944848,1.0,1.2914310509870575e-08,3.460505979546724e-07,NA,NA,NA,NA,NA
22,1.200653372279703e-07,0.0002708803804125637,1.0,3.31136867925963e-10,1.2050192310653074e-07,NA,NA,NA,NA,NA
23,7.826103143315777e-08,0.00022524877567775548,1.0,4.967052880111567e-10,7.874277230257576e-08,NA,NA,NA,NA,NA
24,8.090795944326601e-08,0.0002324765082448721,1.0,1.4735567432921926e-08,9.575129666927751e-08,NA,NA,NA,NA,NA
25,6.077809189264372e-08,0.00019726698519662023,1.0,8.112850835573227e-09,6.858064693915367e-08,NA,NA,NA,NA,NA
